序号,英文名称,节目名称,类别,集数,时长,国家,配音,豆瓣观看人数,豆瓣评分
1,Focused,极限体育,体育,32,30,美国,中文配音,,
2,,乘风破浪,体育,39,30,美国,中文配音,,
3,,极速探险,体育,9,30,美国,中文配音,,
4,,极限挑战,体育,48,30,美国,中文配音,,
5,,轻松高尔夫,体育,13,30,美国,中文配音,,
6,,水上激情,体育,12,30,美国,中文配音,,
7,most expensive ride,世界上最奢侈的座驾,时尚综艺,13,30,美国,原声,,
8,Searching for Beauty,魅力海滩,时尚综艺,7,30,美国,原声,,
9,,美丽大搜索,时尚综艺,10,30,美国,原声,,
10,,时尚新生活,时尚综艺,28,30,美国,原声,,
11,,品味空间,时尚综艺,51,30,美国,中文配音,,
12,Amazing Magical Tours of Marco,马克的魔术之旅 纽约,时尚综艺,1,30,日本,中文配音,,
13,Amazing Magical Tours of Marco,马克的魔术之旅 东京,时尚综艺,1,30,日本,中文配音,,
14,masters of illusions,魔术大师,时尚综艺,13,60,美国,中文配音,,
15,JIMMY'S FOOD FACTORY 1,吉米的食品工厂第1季,时尚综艺,6,30,英国,原声,,
16,JIMMY'S FOOD FACTORY 2,吉米的食品工厂第2季,时尚综艺,8,30,英国,原声,,
17,Running in Heels,穿高跟鞋狂奔,时尚综艺,10,30,美国,中文配音,,
18,Dress My Nest,陋室大变身,时尚综艺,10,30,美国,中文配音,,
19,Peter Perfect,完美大变身,时尚综艺,8,60,美国,原声,,
20,MegaStructures Breakdown,大型建筑回收,时尚综艺,9,60,美国,中文配音,,
21,,豪华餐厅,时尚综艺,15,30,美国,中文配音,,
28,,好莱坞速递,时尚综艺,37,30,美国,原声,,
37,,爱玩客—吴凤,时尚综艺,21,60,中国台湾,原声,,
38,,爱玩客—惟毅,时尚综艺,21,60,中国台湾,原声,,
39,,爱玩客—自由发挥,时尚综艺,21,60,中国台湾,原声,,
40,,爱玩客—苡乔,时尚综艺,21,60,中国台湾,原声,,
22,Lonely Planet: Road Less Travelled,玩转地球,旅游,13,60,英国,中文配音,,
23,DANS TES YEUX,替我看世界,旅游,40,30,法国,中文配音,,
24,,欧洲火车之旅,旅游,26,60,日本,中文配音,,
25,,走遍欧洲,旅游,13,30,日本,中文配音,,
26,,发现之旅,旅游,10,60,日本,中文配音,,
27,"Never Seen It, Never Done It",闻所未闻 见所未见,旅游,28,60,日本,中文配音,,
29,radio 1s big weekend 2008,2008盛大周末音乐节,音乐,1,60,英国,原声,,
30,radio 1s big weekend 2009,2009盛大周末音乐节,音乐,1,60,英国,原声,,
31,,罗比?威廉斯演唱会,音乐,1,90,英国,原声,,
32,,边走边唱,音乐,7,60,美国,原声,,
33,Zippo Hot-Tour,zippo音乐之旅,音乐,9,30,美国,原声,,
34,,蒙特勒爵士音乐节,音乐,18,60,英国,原声,,
35,,阿瑟小子演唱会,音乐,1,90,美国,原声,,
36,,英国怀特岛音乐节,音乐,4,90,英国,原声,,
41,Samurai7,七勇士,卡通动画,26,30,日本,中文配音,,
42,Black JACK,怪医黑杰克,卡通动画,26,30,日本,中文配音,,
43,New Captain Scarlet,红船长,卡通动画,26,30,日本,中文配音,,
44,Agatha Christie's Hercule Poirot and,名侦探保罗和马普尔夫人,卡通动画,39,30,日本,中文配音,,
45,"Hello, Woobiboy",无比小弟,卡通动画,19,30,韩国,中文配音,,
46,Henry's World,小亨利的世界,卡通动画,26,30,法国,中文配音,,
47,TSUBASA - Reservoir Chronicle,翼·年代记,卡通动画,26,30,日本,中文配音,,
48,In the night garden,花园宝宝,卡通动画,10,30,英国,中文配音,,
49,,开心球,卡通动画,26,30,中国大陆,中文配音,,
