序号,英文名称,节目名称,类型,声道,节目时长,年代,国家
1,2012,2012,灾难,立体声,2:36:25,2009,美国
2,101 Dalmatians,101真狗,家庭,,2:00:00,1996,美国
3,102 Dalmatians,102真狗,家庭,,2:00:00,2000,美国
4,TWELVE MONKEYS,12只猴子,科幻,环绕声，多声道,2:04:05,1996,美国
5,SIXTY 6,1966年世界杯,剧情,环绕声，多声道,1:29:42,2006,美国
6,PSYCHO('98),1999惊魂记,惊悚,立体声,1:39:04,1998,美国
7,20/30/40,203040,爱情,立体声,1:52:45,2004,美国
8,2001：Space Odysseys,2001 太空漫游,科幻,立体声,2:15:26,1968,美国
9,FIFA 2006 WORLD CUP 2006：THE GRAND FINALE,2006年世界杯决赛圈,纪录,立体声,1:47:40,2006,美国
10,21 GRAMS,21克,剧情,环绕声，多声道,1:55:51,2003,美国
11,11-Feb-00,42号传奇,运动,环绕声，多声道,2:07:32,2013,美国
12,8mm,8毫米,悬疑,立体声,1:55:45,1999,美国
13,E.T.: The Extra-Terrestrial,E.T. 外星人,科幻,,2:00:00,1982,美国
14,Inspector Gadget,G型神探,动作,,2:00:00,1999,美国
15,HOW HIGH,High到哈佛,喜剧,环绕声，多声道,1:29:56,2001,美国
16,Music ＆ Lyrics,K歌情人,爱情,立体声,1:39:31,2007,美国
17,K-PAX,K星异客,剧情,环绕声，多声道,1:55:14,2001,美国
18,U-TURN,U形转弯,罪案,立体声,2:03:45,1997,美国
19,Project X,X计划,喜剧,环绕声，多声道,1:17:29,2012,美国
20,APOLLO 13,阿波罗13号,剧情,立体声,2:13:51,1995,美国
21,AKEELAH AND THE BEE,阿基拉和拼字比赛,剧情,立体声,1:51:05,2006,美国
22,Romy and Michele's High School Reun,阿珠与阿花,喜剧,,2:00:00,1997,美国
23,"Aloha, Scooby-Doo",啊哈史酷比!,动画,立体声,1:13:30,2005,美国
24,"BOOK OF ELI, THE",艾利之书,剧情,立体声,1:57:29,2010,美国
25,Emma,艾玛,喜剧,,2:00:00,1996,英国/美国
26,LOVE HAPPENS,爱不胜防,爱情,环绕声，多声道,1:44:28,2009,美国
27,END OF THE AFFAIR，THE(1999),爱到尽头,爱情,立体声,1:32:59,1999,美国
28,IdleWild,爱德怀德,剧情,立体声,1:53:27,2006,美国
29,Like Crazy,爱疯了,爱情,,2:00:00,2011,美国
30,The Patriot,爱国者,战争,立体声,2:28:45,2000,美国
31,its copmplicated,爱很复杂,喜剧,环绕声，多声道,1:54:54,2009,美国
32,Alice in Wonderland,爱丽丝梦游仙境,奇幻,,2:00:00,2010,美国
33,LEATHERHEADS,爱情达阵,剧情,环绕声，多声道,1:48:23,2008,美国
34,LITTLE BLACK BOOK,爱情黑名单,爱情,立体声,1:46:25,2004,美国
35,Anna Karenina,安娜·卡列尼娜,爱情,,2:00:00,2012,英国
36,CRIMSON RIVERS，THE,暗流,惊悚,立体声,1:45:08,2001,美国
37,PRIDE AND PREJUDICE,傲慢与偏见,剧情,环绕声，多声道,2:01:14,2005,美国
38,MINDHUNTERS,八面埋伏,罪案,立体声,1:36:41,2005,美国
39,The Tailor of Panama,巴拿马裁缝,惊悚,立体声,1:41:38,2001,美国
40,THAT'S MY BOY (2012),爸爸的好儿子,喜剧,环绕声，多声道,1:46:03,2012,美国
41,Daddy's Little Girls,爸爸的女儿们,剧情,,2:00:00,2007,美国
42,"AMERICAN PRESIDENT, THE",白宫奇缘,爱情,环绕声，多声道,1:48:52,1995,美国
43,Snow White and the Huntsman,白雪公主与猎人,奇幻,环绕声，多声道,2:07:14,2012,美国
44,LA BAMBA,班巴,剧情,立体声,1:42:33,1987,美国
45,COUPLES RETREAT,伴侣度假村,喜剧,环绕声，多声道,1:48:33,2009,美国
46,BRIDESMAIDS,伴娘,喜剧,环绕声，多声道,1:36:40,2011,美国
47,STAND BY ME,伴我同行,剧情,立体声,1:28:41,1986,美国
48,FOR LOVE OF THE GAME,棒球之爱,运动,立体声,2:17:55,1999,美国
49,MY GIRL,宝贝小情人,剧情,立体声,1:42:07,1991,美国
50,PAUL,保罗,科幻,环绕声，多声道,1:36:55,2011,美国
51,DEFENDOR,保卫者,喜剧,立体声,1:41:13,2009,美国
52,BOBBY JONES：STROKE OF GENIUS,鲍比·琼斯：天才一击,运动,立体声,2:03:22,2004,美国
53,History of Violence,暴力史,罪案,立体声,1:27:44,2005,美国
54,DETONATOR，THE,爆烈追凶,动作,立体声,1:32:27,2006,美国
55,DESPICABLE ME,卑鄙的我,动画,环绕声，多声道,1:30:44,2010,美国
56,Les Misérables,悲惨世界,剧情,,2:00:00,2012,英国
57,Fred Claus,北极的圣诞老人兄弟,喜剧,,2:00:00,2007,美国
58,Beowulf,贝奥武夫,动作,,2:00:00,2007,美国
59,Evita,贝隆夫人,剧情,立体声,2:03:50,1996,美国
60,Seabiscuit,奔腾年代,运动,,2:00:00,2003,美国
61,The Curious Case of Benjamin Button,本杰明·巴顿奇事,奇幻,,2:00:00,2008,美国
62,Instinct,本能反应,惊悚,,2:00:00,1999,美国
63,Lone Star State of Mind,笨头牛仔,喜剧,立体声,1:21:25,2002,美国
64,BLUE STREAK,笨贼妙探,喜剧,立体声,1:33:56,1999,美国
65,PETER PAN (2003),彼得·潘,奇幻,立体声,1:48:38,2003,美国
66,"SHEPHERD, THE (2008)",边境巡逻,动作,立体声,1:29:35,2008,美国
67,Batman,蝙蝠侠,奇幻,立体声,2:01:05,1989,美国
68,Batman: Mystery of the Batwoman,蝙蝠侠：蝙蝠女侠之迷,动画,环绕声，多声道,1:14:38,2003,美国
69,"Batman: The Dark Knight Returns,Part 1",蝙蝠侠：黑暗骑士归来1,动画,环绕声，多声道,1:15:50,2012,美国
70,"Batman: The Dark Knight Returns,Part 1",蝙蝠侠：黑暗骑士归来2,动画,环绕声，多声道,1:12:05,2013,美国
71,The Dark Knight Rises,蝙蝠侠：黑暗骑士崛起,奇幻,环绕声，多声道,2:44:27,2012,美国
72,Batman Begins,蝙蝠侠：侠影之谜,科幻,立体声,2:13:57,2005,美国
73,Batman: Year One,蝙蝠侠：元年,动画,立体声,1:04:04,2011,美国
74,Face/Off,变脸,动作,,2:00:00,1997,美国
75,The Hot Chick,变身辣妹,喜剧,立体声,1:34:00,2002,美国
76,Transformers,变形金刚,科幻,,2:00:00,2007,美国
77,Transformers: Revenge of the Fallen,变形金刚2,科幻,,2:00:00,2009,美国
78,"Ant Bully, The",别惹蚂蚁,动画,立体声,1:25:18,2006,美国
79,The 11th Hour,濒临绝境,纪录,,2:00:00,2007,美国
80,Blades of Glory,冰刀双人组,运动,,2:00:00,2007,美国
81,Enemy at the Gates,兵临城下,战争,,2:00:00,2001,英美德
82,Prince of Persia: Sands of Time,波斯王子：时之刃,奇幻,,2:00:00,2010,美国
83,Unaccompanied Minors,不羁圣诞夜,家庭,,2:00:00,2006,美国
84,Unknown,不明身份,悬疑,环绕声，多声道,1:50:29,2011,美国
85,Unbreakable,不死劫,惊悚,,2:00:00,2000,美国
86,CONSTANT GARDENER，THE,不朽的园丁,剧情,环绕声，多声道,2:03:08,2005,美国
87,Phenomenon,不一样的本能,奇幻,,2:00:00,1996,美国
88,The Muppets,布偶大电影,家庭,,2:00:00,2011,美国
89,,财神到,喜剧,立体声,1:45:16,2010,中国大陆
90,The Tibetan Dog,藏獒多吉,动画,立体声,1:30:42,2011,中国大陆
91,Safe House,藏身之所,罪案,环绕声，多声道,1:54:20,2012,美国
92,CHARLIE ST. CLOUD,查理的生与死,奇幻,环绕声，多声道,1:34:49,2010,美国
93,Charlie and the Chocolate Factory,查理和巧克力工厂,奇幻,立体声,1:49:51,2005,美国
94,"AMAZING SPIDER-MAN, THE",超凡蜘蛛侠,科幻,立体声,2:10:38,2012,美国
95,Super 8,超级八,科幻,,2:00:00,2011,美国
96,The Game Plan,超级杯奶爸,喜剧,,2:00:00,2007,美国
97,"Incredible Burt Wonderstone, The",超级魔术师,喜剧,环绕声，多声道,1:40:14,2013,美国
98,The Pacifier,超级奶爸,喜剧,,2:00:00,2005,加拿大/美国
99,Battleship,超级战舰,科幻,环绕声，多声道,2:09:47,2012,美国
100,Man of Steel,超人:钢铁之躯,,立体声,2:22:57,2013,美国
101,DCU: Superman: Unbound,超人:挣脱束缚,动画,环绕声，多声道,1:14:06,2013,美国
102,Superman Ⅱ,超人2,奇幻,立体声,2:02:10,1981,美国
103,Superman Vs. the Elite,超人大战猎杀团,动画,环绕声，多声道,1:14:06,2012,美国
104,Superman Returns,超人归来,科幻,立体声,2:32:28,2006,美国
105,"PERFECT MAN, THE",超完美男人,爱情,环绕声，多声道,1:36:19,2005,美国
106,Rails ＆ Ties,车祸情缘,剧情,,2:00:00,2007,美国
107,The Quiet,沉默,惊悚,立体声,1:34:44,2006,美国
108,BOND OF SILENCE,沉默的联系,电视电影,立体声,1:27:09,2010,美国
109,The Pact of Silence,沉默的约定,惊悚,立体声,1:24:51,2003,法国
110,EDUCATION. AN,成长教育,剧情,立体声,1:40:01,2009,美国
111,"Town, the",城中大盗,罪案,环绕声，多声道,2:04:33,2010,美国
112,"PUNISHER, THE: WAR ZONE",惩罚者2:战争特区,动作,立体声,1:36:20,2008,美国
113,Red Cliff,赤壁(上),古装,立体声,2:25:21,2008,中国大陆
114,Red Cliff Ⅱ,赤壁(下),古装,立体声,2:21:19,2009,中国大陆
115,go,冲吧,剧情,立体声,1:35:13,2001,美国
116,SERENITY,冲出宁静号,科幻,环绕声，多声道,1:53:56,2005,美国
117,Reservation Road,冲击之路,剧情,环绕声，多声道,1:37:30,2007,美国
118,SURF'S UP,冲浪企鹅,动画,立体声,1:25:32,2007,美国
119,The Ugly Truth,丑陋事实,喜剧,环绕声，多声道,1:35:49,2009,美国
120,TAXI DRIVER,出租车司机,罪案,立体声,1:53:01,1976,美国
121,50 FIRST DATES,初恋五十次,爱情,立体声,1:28:05,2004,美国
122,BEGINNERS,初学者,剧情,环绕声，多声道,1:38:59,2010,美国
123,The Lake House,触不到的恋人,奇幻,,2:00:00,2006,澳大利亚/美国
124,Bringing Out the Dead,穿梭阴阳界,惊悚,,2:00:00,1999,美国
125,"Adventures of Baron Muchausen, The",吹牛大王历险记,喜剧,立体声,2:01:10,1989,美国
126,VERTICAL LIMIT,垂直极限,冒险,环绕声，多声道,1:59:20,2000,美国
127,Hope Springs,春天的希望,喜剧,,2:00:00,2003,英国/美国
128,"AGE OF INNOCENCE, THE",纯真年代,剧情,立体声,2:18:19,1993,美国
129,The Treasure Hunter,刺陵,动作,立体声,1:46:00,2009,中国大陆
130,VANTAGE POINT,刺杀据点,惊悚,立体声,1:26:00,2008,美国
131,ASSASSINATION GAMES,刺杀游戏,动作,立体声,1:39:05,2011,美国
132,Hereafter,从今以后,奇幻,立体声,2:08:17,2010,美国
133,REIGN OVER ME,从心开始,剧情,立体声,2:02:59,2007,美国
134,OPEN SEASON (2006),丛林大反攻,动画,立体声,1:25:59,2006,美国
135,OPEN SEASON 3,丛林大反攻3,动画,立体声,1:14:24,2010,美国
136,The Da Vinci Code,达芬奇密码,悬疑,环绕声，多声道,2:28:36,2006,美国
137,JAWS,大白鲨,惊悚,立体声,1:58:47,1975,美国
138,Drillbit Taylor,大兵保镖,喜剧,,2:00:00,2008,美国
139,FAR AND AWAY,大地雄心,剧情,环绕声，多声道,2:13:54,1992,美国
140,IN GOOD COMPANY,大公司小老板,剧情,立体声,1:44:59,2004,美国
141,"LIAR, LIAR",大话王,奇幻,环绕声，多声道,1:22:41,1997,美国
142,"LIFE OF DAVID GALE, THE",大卫·戈尔的一生,剧情,立体声,2:02:53,2003,美国
143,BIG FISH,大鱼,奇幻,立体声,2:02:05,2003,美国
144,Sherlock Holmes,大侦探福尔摩斯,悬疑,,2:00:00,2009,美国
145,Sherlock Holmes: A Game of Shadows,大侦探福尔摩斯2：诡影游戏,悬疑,环绕声，多声道,2:02:31,2012,美国
146,The Waterboy,呆呆向前冲,运动,,2:00:00,1998,美国
147,BABY MAMA,代孕妈妈,喜剧,环绕声，多声道,1:34:48,2008,美国
148,DAMSELS IN DISTRESS,待解救的少女,剧情,立体声,1:34:49,2011,美国
149,he got game,单挑,剧情,立体声,2:04:46,1998,美国
150,When a Man Loves a Woman,当男人爱上女人,剧情,,2:00:00,1994,美国
151,"PURSUIT OF HAPPYNESS, THE (2006)",当幸福来敲门,剧情,环绕声，多声道,1:56:59,2006,美国
152,Inception,盗梦空间,悬疑,,2:00:00,2010,美国
153,STRAW DOGS,稻草狗,惊悚,环绕声，多声道,1:44:20,2011,美国
154,The Good German,德国好人,惊悚,,2:00:00,2006,美国
155,MR. DEEDS,迪兹先生,喜剧,立体声,1:35:50,2002,美国
156,GABRIEL,涤罪天使,动作,立体声,1:52:28,2007,美国
157,TAKING OF PELHAM 123．THE (2009),地铁惊魂,罪案,立体声,1:41:50,2009,美国
158,FIGHTING,地下拳击场,动作,环绕声，多声道,1:42:45,2009,美国
159,Journey to the Center of the Earth,地心历险记,科幻,,2:00:00,2008,美国
160,Journey 2: The Mysterious Island,地心历险记2：神秘岛,奇幻,环绕声，多声道,1:34:00,2012,美国
161,The Core,地心抢险记,冒险,,2:00:00,2003,英国/美国
162,HELLBOY,地狱男孩,科幻,环绕声，多声道,1:58:49,2002,美国
163,25th Hour,第25小时,罪案,,2:00:00,2002,美国
164,Son of Rambow,第二滴血,喜剧,,2:00:00,2008,英法德
165,SESSION 9,第九部分,悬疑,立体声,1:39:51,2001,美国
166,District 9,第九区,科幻,环绕声，多声道,1:52:08,2009,美国
167,MEET JOE BLACK,第六感生死恋,剧情,环绕声，多声道,2:52:50,1998,美国
168,The 6th Day,第六日,科幻,立体声,1:53:40,1999,美国
169,19TH WIFE,第十九个妻子,剧情,立体声,1:25:47,2010,美国
170,The 13th Warrior,第十三个勇士,冒险,,2:00:00,1999,美国
171,GUARDING TESS,第一夫人的保镖,喜剧,立体声,1:31:36,1994,美国
172,MONEYBALL,点球成金,剧情,环绕声，多声道,2:03:22,2011,美国
173,DEVIL,电梯里的恶魔,惊悚,环绕声，多声道,1:16:40,2010,美国
174,ARENA,电玩竞技场,科幻,环绕声，多声道,1:28:30,2011,美国
175,The Recruit,谍海计中计,惊悚,,2:00:00,2003,美国
176,"BOURNE IDENTITY, THE",谍影重重1,动作,环绕声，多声道,1:49:01,2002,美国
177,The Bourne Supremacy,谍影重重2,动作,环绕声，多声道,1:43:46,2004,美国
178,"Bourne Ultimatum, The",谍影重重3,动作,环绕声，多声道,1:50:26,2007,美国
179,"BOURNE LEGACY, THE",谍影重重4,动作,立体声,2:03:08,2012,美国
180,Mission: Impossible,碟中谍,动作,,2:00:00,1996,美国
181,Mission: Impossible II,碟中谍2,动作,,2:00:00,2000,美国
182,Mission: Impossible III,碟中谍3,动作,,2:00:00,2006,美国
183,Mission: Impossible Ghost Protocol,碟中谍4,动作,,2:00:00,2011,美国
184,The Adventures of Tintin: The Secret of the Unicorn,丁丁历险记,动画,,2:00:00,2011,美国
185,East Wind Rain,东风雨,剧情,立体声,1:57:25,2010,中国大陆
186,"SOLOIST, THE",独奏者,剧情,环绕声，多声道,1:55:01,2008,美国
187,Go Lala Go!,杜拉拉升职记,爱情,立体声,1:45:16,2010,中国大陆
188,Duma,杜玛,家庭,,2:00:00,2005,美国
189,Gifted Hands: The Ben Carson Story,恩赐妙手,剧情,立体声,1:29:56,2009,美国
190,While You Were Sleeping,二见钟情,爱情,,2:00:00,1995,美国
191,"OTHER GUYS, THE",二流警探,动作,立体声,1:43:23,2010,美国
192,28 DAYS,二十八天,剧情,立体声,1:36:39,2000,美国
193,Hairspray,发胶明星梦,歌舞,,2:00:00,2007,美国
194,"INTERPRETER, THE",翻译风波,剧情,环绕声，多声道,2:03:02,2005,美国
195,DOUBLE TEAM,反击王,动作,立体声,1:27:42,1997,美国
196,S.W.A.T. (2003),反恐特警组,动作,立体声,1:57:06,2003,美国
197,S.W.A.T.: FIREFIGHT,反恐特警组：火速救援,动作,立体声,1:28:33,2011,美国
198,Rendition,反恐疑云,剧情,,2:00:00,2007,美国/南非
199,VAN HELSING,范海辛,惊悚,环绕声，多声道,2:06:03,2004,美国
200,Where the Heart Is,芳心何处,喜剧,,2:00:00,2000,美国
201,Firewall,防火墙,罪案,立体声,1:40:24,2006,美国
202,RV,房车之旅,喜剧,立体声,1:34:28,2006,美国
203,ONE NIGHT AT MCCOOL'S,放电无罪,喜剧,环绕声，多声道,1:28:53,2001,美国
204,Flubber,飞天法宝,奇幻,,2:00:00,1997,美国
205,DEATH BECOMES HER,飞越长生,奇幻,环绕声，多声道,1:39:00,1992,美国
206,The Usual Suspects,非常嫌疑犯,罪案,,2:00:00,1995,美国/德国
207,Spy Kids,非常小特务,动作,,2:00:00,2001,美国
208,Spy Kids 3-D: Game Over,非常小特务3,奇幻,,2:00:00,2003,美国
209,ILLEGAL TENDER,非法招标,罪案,立体声,1:42:19,2007,美国
210,STEP BROTHERS,非亲兄弟,喜剧,立体声,1:33:57,2008,美国
211,EASY A,绯闻计划,喜剧,立体声,1:31:25,2010,美国
212,NUTTY PROFESSOR II: THE KLUMPS,肥佬教授2,喜剧,环绕声，多声道,1:39:51,2000,美国
213,Gangster Squad,匪帮传奇,动作,环绕声，多声道,1:52:50,2013,美国
214,PHILADELPHIA,费城故事,爱情,立体声,2:05:22,1993,美国
215,"BREAK-UP, THE",分手男女,喜剧,环绕声，多声道,1:41:50,2006,美国
216,ANGER MANAGEMENT,愤怒管理,喜剧,立体声,1:38:11,2003,美国
217,Silver Medalist,疯狂的赛车,喜剧,立体声,1:45:00,2009,中国大陆
218,Barnyard,疯狂农庄,动画,,2:00:00,2006,美国/德国
219,Fun Size,疯狂万圣夜,喜剧,,2:00:00,2012,美国
220,"Crazy, Stupid, Love",疯狂愚蠢的爱,喜剧,环绕声，多声道,1:53:43,2011,美国
221,The Quick and the Dead,凤舞狂沙,剧情,立体声,1:37:50,1995,美国
222,FROST/NIXON,福斯特对话尼克松,传记,环绕声，多声道,1:56:36,2008,美国
223,Flags of Our Fathers,父辈的旗帜,历史,,2:00:00,2006,美国
224,The Avengers,复仇者联盟,科幻,,2:00:00,2012,美国
225,The Damned United,该死的联队,剧情,环绕声，多声道,1:37:24,2009,英国
226,"KINGDOM, THE ('07)",改朝换代,剧情,立体声,1:45:35,2007,美国
227,Iron Man,钢铁侠,科幻,,2:00:00,2008,美国
228,Iron Man 2,钢铁侠2,科幻,,2:00:00,2010,美国
229,Tower Heist,高楼大劫案,罪案,环绕声，多声道,1:39:50,2011,美国
230,The Informant!,告密者,剧情,,2:00:00,2009,德国
231,GODZILLA (1998),哥斯拉,科幻,立体声,2:10:45,1998,美国
232,The Phantom of the Opera,歌剧魅影,剧情,立体声,2:15:10,2004,美国
233,High School Musical 3: Senior Year,歌舞青春3,歌舞,,2:00:00,2008,美国
234,Revolutionary Road,革命之路,爱情,,2:00:00,2008,美国/英国
235,Moral Kombat,格斗之王 (Cinetic),动作,,2:00:00,2009,中美日
236,QUARANTINE,隔离区,恐怖,环绕声，多声道,1:29:10,2008,美国
237,QUARANTINE 2: TERMINAL,隔离区2:终端,恐怖,立体声,1:25:06,2010,美国
238,HIGHER GROUND,更高境界,剧情,立体声,1:46:41,2011,美国
239,PUBLIC ENEMIES,公众之敌,罪案,环绕声，多声道,2:13:50,2009,美国
240,The Princess Diaries,公主日记,喜剧,,2:00:00,2001,美国
241,The Princess Diaries 2: Royal Engag,公主日记2,喜剧,,2:00:00,2004,美国
242,KUNG FU HUSTLE,功夫,喜剧,立体声,1:34:30,2004,美国
243,The Karate Kid,功夫梦,动作,立体声,2:12:39,2010,中国大陆
244,Hotel for Dogs,狗狗旅馆,家庭,,2:00:00,2009,美国/德国
245,Year of the Dog,狗年 (P),喜剧,,2:00:00,2007,美国
246,LORDS OF DOGTOWN,狗镇之主,运动,环绕声，多声道,1:42:20,2005,美国
247,Lara Croft: Tomb Raider,古墓丽影,冒险,,2:00:00,2001,德日英美
248,Lara Croft Tomb Raider: The Cradle,古墓丽影2,冒险,,2:00:00,2003,德日英美
249,Conjuring,古宅惊魂,惊悚,环绕声，多声道,1:51:52,2013,美国
250,"DOOR IN THE FLOOR, THE",寡居的一年,剧情,环绕声，多声道,1:46:00,2004,美国
251,Hanging up,挂线情未了,剧情,立体声,1:28:10,2000,美国
252,Remember the Titans,光辉岁月,剧情,,2:00:00,2000,美国
253,GLORY,光荣,战争,立体声,1:57:15,1989,美国
254,Viktor Vogel: Commercial Man,广告奇缘,喜剧,立体声,1:40:20,2001,德国
255,Fly Away Home,归家两万里,剧情,立体声,1:42:32,1996,美国
256,CORALINE,鬼妈妈,动画,环绕声，多声道,1:35:36,2009,美国
257,CASPER ('95),鬼马小精灵,喜剧,环绕声，多声道,1:35:54,1995,美国
258,The Haunted Mansion,鬼屋,恐怖,,2:00:00,2003,美国
259,GOTHIKA,鬼影人,惊悚,立体声,1:37:50,2003,美国
260,Ghost Town,鬼镇,奇幻,,2:00:00,2008,美国
261,JARHEAD,锅盖头,战争,环绕声，多声道,1:57:32,2005,美国
262,National Security,国家安全,动作,立体声,1:19:56,2004,美国
263,National Treasure,国家宝藏,冒险,,2:00:00,2004,美国
264,National Treasure: Book of Secrets,国家宝藏：夺宝秘笈,冒险,,2:00:00,2007,美国
265,STATE OF PLAY,国家要案,悬疑,环绕声，多声道,2:01:47,2009,美国
266,ALL THE KING'S MEN,国王班底,剧情,环绕声，多声道,2:07:52,2006,美国
267,Deuce Bigalow: Male Gigolo,哈拉猛男,喜剧,立体声,1:23:26,1999,美国
268,Harry Potter and the Order of the Phoenix,哈利·波特与凤凰社,奇幻,,2:00:00,2007,美国
269,Harry Potter and the Half-Blood Prince,哈利·波特与混血王子,奇幻,,2:00:00,2009,美国
270,Harry Potter and the Goblet of Fire,哈利·波特与火焰杯,奇幻,,2:00:00,2005,美国
271,Harry Potter and the Deathly Hallows,哈利·波特与死亡圣器(上),奇幻,立体声,2:25:46,2010,美国
272,Harry Potter and the Deathly Hallows: Part 2,哈利·波特与死亡圣器(下),奇幻,立体声,2:03:37,2011,美国
273,Hamlet (MGM),哈姆雷特,剧情,,2:00:00,2000,英国
274,"PAROLE OFFICER, THE",还我清白抢银行,喜剧,环绕声，多声道,1:26:07,2002,美国
275,Pirate Radio,海盜电台,喜剧,环绕声，多声道,2:09:34,2009,美国
276,Poseidon,海神号,冒险,立体声,1:33:47,2006,美国
277,Dolphin Tale,海豚的故事,剧情,环绕声，多声道,1:52:36,2011,美国
278,Mr. Bean's Holiday,憨豆的黄金周,喜剧,环绕声，多声道,1:25:15,2007,英国
279,BEAN,憨豆先生的大灾难,喜剧,环绕声，多声道,1:24:55,1997,英国
280,Hanna,汉娜,动作,立体声,1:44:57,2011,美国
281,Hannah Montana: The Movie,汉娜·蒙塔娜,音乐,,2:00:00,2009,美国
282,HANNIBAL,汉尼拔,惊悚,环绕声，多声道,2:02:43,2001,美国
283,Excess Baggage,行李超载,喜剧,立体声,1:34:00,1997,美国
284,The Big Hit,好胆别走,喜剧,立体声,1:25:05,1998,美国
285,Yes Man,好好先生,爱情,,2:00:00,2008,美国/澳大利亚
286,Hollywood Homicide,好莱坞重案组,悬疑,立体声,1:55:55,2003,美国
287,The Good Guy,好男孩,爱情,,2:00:00,2010,美国
288,CURIOUS GEORGE,好奇的乔治,动画,环绕声，多声道,1:23:11,2006,美国
289,A Few Good Men,好人寥寥,剧情,立体声,2:09:28,1992,美国
290,SWEPT AWAY (2002),浩劫妙冤家,爱情,立体声,1:25:31,2002,美国
291,LAKEVIEW TERRACE,合法入侵,惊悚,环绕声，多声道,1:45:56,2008,美国
292,Excalibur,黑暗时代,奇幻,立体声,2:13:59,1981,美国
293,Dark Country,黑暗乡村,惊悚,立体声,1:27:22,2009,美国
294,BLACK DAWN,黑暗坠落,动作,立体声,1:35:46,2005,美国
295,EMPIRE,黑金帝国,罪案,环绕声，多声道,1:34:52,2002,美国
296,The Matrix,黑客帝国1,科幻,立体声,2:16:09,1999,美国
297,The Matrix Reloaded,黑客帝国2,科幻,立体声,2:18:07,2003,美国
298,The Matrix Revolutions,黑客帝国3,科幻,立体声,2:09:07,2003,美国
299,The Hit List,黑名单,动作,立体声,1:30:04,2011,美国
300,"FINAL CURTAIN, THE",黑幕风云,剧情,环绕声，多声道,1:17:04,2002,美国
301,NEW BEST FRIEND,黑色姐妹帮,悬疑,环绕声，多声道,1:22:13,2002,美国
302,UNDERWORLD EVOLUTION,黑夜传说2:进化,奇幻,环绕声，多声道,1:44:54,2006,美国
303,UNDERWORLD: RISE OF THE LYCANS.,黑夜传说3:狼族再起,奇幻,环绕声，多声道,1:32:17,2009,美国
304,UNDERWORLD AWAKENING,黑夜传说4,奇幻,环绕声，多声道,1:24:27,2012,美国
305,Men In Black II,黑衣人2,科幻,立体声,1:18:00,2002,美国
306,MEN IN BLACK 3,黑衣人3,科幻,环绕声，多声道,1:38:55,2012,美国
307,BLACK HAWK DOWN,黑鹰降落,战争,环绕声，多声道,2:12:55,2003,美国
308,Dark Shadows,黑影,奇幻,环绕声，多声道,1:52:59,2012,美国
309,Crimson Tide,红潮风暴,动作,,2:00:00,1995,美国
310,RED DRAGON,红龙,惊悚,立体声,1:56:58,2002,美国
311,Red Eye,红眼航班,惊悚,,2:00:00,2005,美国
312,The Scarlet Letter,红字,剧情,立体声,2:11:34,1995,美国
313,,虹猫蓝兔火凤凰,动画,立体声,1:28:25,2010,中国大陆
314,J. Edgar,胡佛,传记,立体声,1:56:20,2012,美国
315,Get Smart,糊涂侦探,罪案,,2:00:00,2008,美国
316,TWO BROTHERS,虎兄虎弟,剧情,环绕声，多声道,1:40:36,2004,英国
317,THE CHANGE-UP (2011),互换身体,喜剧,立体声,1:33:56,2011,美国
318,FUNNY PEOPLE,滑稽人物,喜剧,环绕声，多声道,2:19:51,2009,美国
319,BURLESQUE,滑稽戏,歌舞,立体声,1:56:36,2010,美国
320,BAD TEACHER,坏老师,爱情,立体声,1:28:00,2011,美国
321,WELCOME HOME ROSCOE JENKINS,欢迎回家，罗斯科·杰金斯,喜剧,环绕声，多声道,1:49:01,2008,美国
322,Pacific Rim,环太平洋,科幻,环绕声，多声道,2:11:01,2013,美国
323,Imagine That,幻想之地,喜剧,,2:00:00,2009,美国
324,The Apparition,幻影,惊悚,环绕声，多声道,1:33:22,2012,美国
325,LAST ACTION HERO,幻影英雄,动作,环绕声，多声道,2:10:43,1993,美国
326,CHANGELING ('08),换子疑云,悬疑,环绕声，多声道,2:15:17,2008,美国
327,The Golden Compass,黄金罗盘,奇幻,,2:00:00,2007,美国
328,The Invention of Lying,慌言的诞生,喜剧,环绕声，多声道,1:35:37,2009,美国
329,Body of Lies,慌言之躯,动作,,2:00:00,2008,美国
330,A Cinderella Story: Once Upon a Song,灰姑娘的故事3,爱情,环绕声，多声道,1:28:09,2011,美国
331,Another Cinderella Story,灰姑娘之舞动奇迹,歌舞,,2:00:00,2008,美国/加拿大
332,BACK TO THE FUTURE,回到未来,科幻,立体声,1:51:13,1985,美国
333,BACK TO THE FUTURE II,回到未来2,科幻,立体声,1:43:34,1989,美国
334,BACK TO THE FUTURE III,回到未来3,科幻,立体声,1:53:24,1990,美国
335,"RETURN, THE",回魂,恐怖,环绕声，多声道,1:15:43,2006,美国
336,DOOM,毁灭战士,科幻,立体声,1:38:28,2005,美国
337,JUMPING THE BROOM,婚礼大斗阵,喜剧,立体声,1:51:28,2011,美国
338,Margot at the Wedding,婚礼上的玛戈特,剧情,,2:00:00,2007,美国
339,Bruce and Lloyd Out of Control,混乱神探,喜剧,,2:00:00,2008,美国
340,Reign of Fire,火龙帝国,动作,,2:00:00,2002,英国/美国
341,IN THE LINE OF FIRE,火线狙击,剧情,立体声,2:08:17,1993,美国
342,Mars Baby,火星没事,喜剧,立体声,1:36:54,2009,中国大陆
343,Mission to Mars,火星任务,科幻,,2:00:00,2000,美国
344,The Hobbit An Unexpected Journey,霍比特人：意外旅程,奇幻,环绕声，多声道,2:49:32,,美国
345,Hook,霍克船长,冒险,立体声,2:11:15,1991,美国
346,Bicentennial Man,机器管家,科幻,立体声,1:59:45,1999,美国
347,9,机器人9号,科幻,环绕声，多声道,1:16:00,2009,美国
348,LEGION (2010),基督再临,惊悚,立体声,1:40:15,2010,美国
349,Deliverance,激流四勇士,冒险,立体声,1:44:16,1972,美国
350,I WANT YOU,激情意外,罪案,环绕声，多声道,1:15:54,1998,美国
351,Rent (2005),吉屋出租,剧情,环绕声，多声道,2:13:06,2005,美国
352,The Polar Express,极地特快,奇幻,立体声,1:35:23,2004,美国
353,Deep Rising,极度深寒,科幻,,2:00:00,1998,美国
354,Gone in 60 Seconds,极速60秒,动作,,2:00:00,2000,美国
355,ROLLERBALL (2002),极速风暴,科幻,环绕声，多声道,1:32:47,2002,美国
356,Speed Racer,极速赛车手,运动,,2:00:00,2008,美国
357,xXx,极限特工,动作,立体声,1:52:35,2002,美国
358,XXX: STATE OF THE UNION,极限特工2,动作,立体声,1:40:53,2005,美国
359,Set Off,即日启程,喜剧,立体声,1:35:51,2008,中国大陆
360,ALMOST FAMOUS,几近成名,剧情,立体声,2:02:54,2001,美国
361,"STEPFATHER, THE (2009)",继父,惊悚,立体声,1:41:19,2009,美国
362,STEPMOM,继母,剧情,环绕声，多声道,2:04:54,1998,美国
363,Pirates of the Caribbean: The Curse of the Black Pearl,加勒比海盜1:黑珍珠号的,奇幻,,2:00:00,2003,美国
364,Pirates of the Caribbean: Dead Man's Chest,加勒比海盗2:聚魂棺,奇幻,,2:00:00,2006,美国
365,Pirates of the Caribbean: At World's End,加勒比海盜3:世界的尽头,奇幻,,2:00:00,2007,美国
366,We are Marshal1,加油马歇尔,剧情,立体声,2:05:55,2006,美国
367,House Party: Tonight's the Night,家庭派对：就在今夜,喜剧,环绕声，多声道,1:34:34,2013,美国
368,Jack,家有杰克,喜剧,,2:00:00,1996,美国
369,BEWITCHED (2005),家有仙妻,奇幻,环绕声，多声道,1:41:54,2005,美国
370,LAYER CAKE,夹心蛋糕,罪案,立体声,1:39:30,2005,美国
371,The Proposal,假结婚,爱情,,2:00:00,2009,美国
372,Rush Hour 3,尖峰时刻3,动作,,2:00:00,2007,美国
373,A Mighty Heart,坚强的心,动作,,2:00:00,2007,美国/英国
374,INSIDE JOB (2010),监守自盗,纪录,立体声,1:32:03,2010,美国
375,Pariah,贱民,剧情,环绕声，多声道,1:23:49,2011,美国
376,Sword Fish,剑鱼行动,动作,立体声,1:35:01,2001,美国
377,GLADIATOR,角斗士,动作,环绕声，多声道,2:24:28,2000,美国
378,The Cunning Little Vixen,狡猾的小狐狸,动画,立体声,0:57:49,2003,英国
379,STOMP THE YARD: HOMECOMING,街舞少年:回家,歌舞,立体声,1:27:35,2010,美国
380,TAKERS (2010),劫匪,罪案,立体声,1:46:51,2010,美国
381,JACK AND JILL,杰克与吉尔,喜剧,环绕声，多声道,1:26:14,2011,美国
382,JESSE STONE: NO REMORSE,杰西警探：无悔追踪,罪案,立体声,1:25:24,2010,美国
383,License to Wed,结婚证书,爱情,立体声,1:27:34,2007,美国
384,My Sister's Keeper,姐姐的守护者,剧情,,2:00:00,2009,美国
385,Alien Autopsy,解剖外星人,科幻,,2:00:00,2006,德国/英国
386,THIS CHRISTMAS,今年圣诞节,剧情,立体声,1:58:49,2007,美国
387,TAKE ME HOME TONIGHT,今晚帯我回家,喜剧,立体声,1:31:57,2011,美国
388,KING KONG  ('05),金刚,奇幻,环绕声，多声道,2:59:36,2005,美国
389,I SPY,金牌间谍,悬疑,立体声,1:36:11,2002,美国
390,"PRODUCERS, THE (2005)",金牌制作人,喜剧,环绕声，多声道,1:48:21,2005,美国
391,ON GOLDEN POND,金色池塘,剧情,立体声,1:44:40,1981,美国
392,AS GOOD AS IT GETS,尽善尽美,剧情,立体声,2:17:59,1997,美国
393,EVOLUTION (2001),进化危机,科幻,立体声,1:41:22,2001,美国
394,CONTRABAND,禁运品,罪案,环绕声，多声道,1:46:26,2012,美国
395,THURSDAY,惊爆星期四,罪案,环绕声，多声道,1:15:27,1998,美国
396,30 MINUTES OR LESS,惊魂半小时,惊悚,环绕声，多声道,1:17:04,2011,美国
397,The Insider,惊曝内幕,传记,,2:00:00,1999,美国
398,Wild Hogs,惊骑之旅,冒险,,2:00:00,2007,美国
399,BRAM STOKER'S DRACULA,惊情四百年,惊悚,环绕声，多声道,2:02:45,1992,美国
400,The Guardian,惊涛大冒险,动作,,2:00:00,2006,美国
401,"RIVER WILD, THE",惊涛骇浪,冒险,环绕声，多声道,1:46:44,1994,美国
402,STUART LITTLE,精灵鼠小弟,奇幻,立体声,1:24:26,1999,美国
403,STUART LITTLE 2,精灵鼠小弟2,奇幻,立体声,1:17:33,2002,美国
404,STUART LITTLE 3: CALL OF THE WILD,精灵鼠小弟3,奇幻,立体声,1:15:13,2006,美国
405,Bullitt,警网铁金刚,动作,立体声,1:49:01,1968,美国
406,The Guilt Trip,纠结之旅,喜剧,,2:00:00,2012,美国
407,HALF PAST DEAD,九死一生,动作,立体声,1:34:17,2002,美国
408,This Is It,就是这样,纪录片,立体声,1:51:06,2009,美国
409,SNIPER: RELOADED,狙击精英：重装上阵,战争,立体声,1:28:47,2011,美国
410,D-TOX,狙击杀手,动作,环绕声，多声道,1:31:45,2002,美国
411,The Foreigner,狙击速递,动作,立体声,1:35:49,2003,美国
412,"JACKAL, THE",狙击职业杀手,动作,环绕声，多声道,1:56:46,1997,美国
413,Jack the Giant Slayer,巨人捕手杰克,奇幻,环绕声，多声道,1:54:05,2013,美国
414,Mighty Joe Young,巨猩乔扬,惊悚,,2:00:00,1998,美国
415,The Hurricane,飓风,运动,,2:00:00,1999,美国
416,North Country,决不让步,剧情,,2:00:00,2005,美国
417,Erin Brockovich,决不妥协,剧情,立体声,2:01:10,2000,美国
418,21 (2008),决胜21点,剧情,环绕声，多声道,1:57:37,2008,美国
419,MARIE ANTOINETTE,绝代艳后,剧情,立体声,2:02:45,2006,美国
420,BAD BOYS (1995),绝地战警,动作,环绕声，多声道,1:53:37,1995,美国
421,Bad Boys II,绝地战警2,动作,立体声,2:15:45,2003,美国
422,POPULATION 436,绝命人口436,惊悚,立体声,1:28:22,2006,美国
423,Casablanca,卡萨布兰卡,爱情,立体声,1:38:20,1942,美国
424,Frankenweenie,科学怪狗,动画,,2:00:00,2012,美国
425,Horrible Bosses,可恶的老板,喜剧,立体声,1:44:10,2011,美国
426,Kramer vs. Kramer,克莱默夫妇,剧情,立体声,1:43:55,1979,美国
427,"CLIENT LIST, THE",客户名单,剧情,立体声,1:26:58,2010,美国
428,Air Force One,空军一号,动作,,2:00:00,1997,美国/德国
429,Con Air,空中监狱,动作,,2:00:00,1997,美国
430,CAPE FEAR ('91),恐怖角,罪案,环绕声，多声道,2:02:09,1991,美国
431,The Frighteners,恐怖幽灵,恐怖,环绕声，多声道,1:44:54,1996,美国
432,"LIMITS OF CONTROL, THE",控制的极限,罪案,环绕声，多声道,1:38:55,2009,美国
433,DUPLICITY,口是心非,罪案,环绕声，多声道,1:56:11,2009,美国
434,That Darn Cat,酷猫妙探,家庭,,2:00:00,1997,美国
435,Happy Feet,快乐的大脚,动画,立体声,1:48:18,2006,美国
436,Happy Feet Two,快乐的大脚2,动画,立体声,1:32:52,2011,美国
437,Joyful Noise,快乐的噪音,喜剧,环绕声，多声道,1:57:41,2012,美国
438,ANACONDA,狂蟒之灾,惊悚,环绕声，多声道,1:25:38,1997,美国
439,ANACONDAS: TRAIL OF BLOOD,狂蟒之灾4,惊悚,立体声,1:24:55,2009,美国
440,The Fan,狂迷,惊悚,立体声,1:47:00,1996,美国
441,BEING JOHN MALKOVICH,愧儡人生,喜剧,环绕声，多声道,1:46:47,1999,美国
442,Freaky Friday,辣妈辣妹,奇幻,,2:00:00,2003,美国
443,MAN OF THE HOUSE (2005),辣妹保镖,喜剧,环绕声，多声道,1:35:45,2005,美国
444,WHEN A STRANGER CALLS (2006),来电惊魂,恐怖,立体声,1:32:22,2006,美国
445,Failure to Launch,赖家王老五,喜剧,,2:00:00,2006,美国
446,Rango,兰戈,动画,,2:00:00,2011,美国
447,The Smurfs,蓝精灵,动画,立体声,1:37:48,2011,美国
448,BLUE CRUSH,蓝色激情,运动,环绕声，多声道,1:39:53,2002,美国
449,"WOLFMAN, THE",狼人,恐怖,环绕声，多声道,1:37:59,2010,美国
450,"TALE OF DESPEREAUX, THE",浪漫的老鼠,动画,环绕声，多声道,1:29:35,2008,美国
451,DADDY DAY CAMP,老爸夏令营,喜剧,立体声,1:26:46,2007,美国
452,big daddy,老爸向前沖,喜剧,立体声,1:29:05,1999,美国
453,Dr. Seuss’ The Lorax,老雷斯的故事,动画,环绕声，多声道,1:26:08,2012,美国
454,No Country for Old Men,老无所依,罪案,,2:00:00,2007,美国
455,Gran Torino,老爷车,罪案,,2:00:00,2008,美国/澳大利亚
456,LEGO: The Batman Movie,乐高：蝙蝠侠电影,动画,环绕声，多声道,1:10:40,2013,美国
457,The Great Gatsby,了不起的盖茨比,爱情,环绕声，多声道,2:22:02,2013,美国
458,Thor,雷神,科幻,,2:00:00,2011,美国
459,Thunderstruck,雷霆万钧,运动,环绕声，多声道,1:32:41,2012,美国
460,Cold Mountain,冷山,战争,,2:00:00,2003,美国
461,dragon： BRUCE LEE STORY,李小龙传,传记,环绕声，多声道,1:54:36,1993,美国
462,SENSE AND SENSIBILITY,理智与情感,剧情,环绕声，多声道,2:16:12,1995,美国
463,TWO FOR THE MONEY,利欲两心,剧情,立体声,1:57:09,2005,美国
464,The Lizzie McGuire Movie,莉琪的异想世界,冒险,,2:00:00,2003,美国
465,HOW TO MAKE AN AMERICAN QUILT,恋爱编织梦,剧情,环绕声，多声道,1:50:26,1995,美国
466,"HOLIDAY, THE",恋爱假期,爱情,环绕声，多声道,2:09:40,2006,美国
467,Ladder 49,烈火雄心,罪案,,2:00:00,2004,美国
468,Hellboy II: The Golden Army,烈焰奇侠：黄金军团,奇幻,环绕声，多声道,1:54:21,2008,美国
469,Bad Company,临时特工,动作,,2:00:00,2002,美国/捷克
470,A Thousand Words,临终千言,喜剧,,2:00:00,2012,美国
471,COLD CREEK MANOR,凛冽庄园,惊悚,立体声,1:49:24,2003,美国
472,SOUL SURFER,灵魂冲浪,运动,立体声,1:42:03,2011,美国
473,RAY,灵魂歌王,剧情,环绕声，多声道,2:20:54,2004,美国
474,GHOST RIDER,灵魂战车,奇幻,立体声,1:50:01,2007,美国
475,"FORGOTTEN, THE",灵异拼图,惊悚,立体声,1:31:02,2004,美国
476,CEMETERY JUNCTION,陵园路口,剧情,立体声,1:34:36,2010,美国
477,SUSPECT ZERO,零号嫌疑犯,罪案,立体声,1:39:20,2004,美国
478,The Other Boleyn Girl,另一个波琳家的女孩,剧情,环绕声，多声道,1:49:27,2008,美国
479,Raising Helen,流行教母,剧情,,2:00:00,2004,美国
480,Rumor Has It,流言蜚语,喜剧,立体声,1:32:38,2005,美国
481,Six Days Seven Nights,六天七夜,动作,,2:00:00,1998,美国
482,21 JUMP STREET,龙虎少年队,喜剧,立体声,1:45:04,2012,美国
483,Twister,龙卷风,动作,,2:00:00,1996,美国
484,The Girl with the Dragon Tattoo,龙纹身的女孩(2011),罪案,环绕声，多声道,2:28:54,2011,美国
485,ACCEPTED,录取通知,喜剧,环绕声，多声道,1:29:08,2006,美国
486,Gone with the Wind,乱世佳人,爱情,立体声,3:31:41,1939,美国
487,84 CHARING CROSS ROAD,伦敦査林十字街84号,剧情,立体声,1:36:13,1987,美国
488,ROBIN HOOD,罗宾汉,动作,环绕声，多声道,2:14:32,2010,美国
489,balllelosaiigeles,洛杉矶之战,科幻,立体声,1:55:38,2011,美国
490,SNOW FALLING ON CEDARS,落在香杉树的雪花,剧情,环绕声，多声道,2:01:50,1999,美国
491,Green Lantern,绿灯侠,科幻,环绕声，多声道,1:53:44,2011,美国
492,Green Lantern: Emera]d Knights,绿灯侠：翡翠骑士,奇幻,环绕声，多声道,1:23:36,2011,美国
493,"HULK, THE",绿巨人,科幻,环绕声，多声道,2:12:24,2003,美国
494,Green Card,绿卡,爱情,,2:00:00,1990,法国/美国
495,GREEN ZONE,绿色地带,动作,环绕声，多声道,1:50:18,2010,美国
496,"GREEN MILE, THE",绿色奇迹,剧情,环绕声，多声道,2:57:00,1999,美国
497,MAMMA MIA!,妈妈咪呀,喜剧,环绕声，多声道,1:44:04,2008,美国
498,Madagascar,马达加斯加,动画,,2:00:00,2005,美国
499,Madagascar: Escape 2 Africa,马达加斯加2:逃往非洲,动画,,2:00:00,2008,美国
500,Marvin's Room,马文的房间,剧情,,2:00:00,1996,美国
501,The Horse Whisperer,马语者,爱情,,2:00:00,1998,美国
502,Matilda,玛蒂尔达,剧情,立体声,1:30:00,1996,美国
503,MARY SHELLEY'S FRANKENSTEIN,玛丽·雪莱的弗兰肯斯坦,科幻,环绕声，多声道,1:51:08,1994,美国
504,Miami Vice,迈阿密风云,罪案,环绕声，多声道,2:04:27,2006,美国
505,TRAGEDY OF MACBETH,麦克白,剧情,立体声,2:19:10,1971,美国
506,Maid in Manhattan,曼哈顿灰姑娘,爱情,立体声,1:45:09,2002,美国
507,Manhattan murder mystery,曼哈顿神秘谋杀案,罪案,立体声,1:41:20,1993,美国
508,wanderlust,漫游,喜剧,环绕声，多声道,1:31:23,2012,美国
509,Cats & Dogs: The Revenge of Kitty Galore,猫狗大战2,家庭,,2:00:00,2010,美国
510,Tom and Jerry - The Fast and the Furry,猫和老鼠：飙风天王,动画,立体声,1:13:53,2005,美国
511,Tom and Jerry's Giant Adventure,猫和老鼠：巨人大冒险,动画,环绕声，多声道,0:57:02,2013,美国
512,Tom and Jerry: Robin Hood & Merry Mouse,猫和老鼠：罗宾汉和他的精灵鼠,动画,环绕声，多声道,0:57:29,2012,美国
513,Tom & Jerry & The Wizard of Oz,猫和老鼠：绿野神踪,动画,立体声,0:59:02,2011,美国
514,Catwoman,猫女,奇幻,立体声,1:39:47,2004,美国
515,Legend of the Guardians,猫头鹰王国：守卫者传奇,动画,立体声,1:35:42,2010,美国
516,We're the Millers,冒牌家庭,,环绕声，多声道,1:49:41,2013,美国
517,Evan Almighty,冒牌天神2,奇幻,环绕声，多声道,1:31:42,2007,美国
518,Captain America: The First Avenger,美国队长,科幻,,2:00:00,2011,美国
519,American Gangster,美国黑帮,罪案,环绕声，多声道,2:46:54,2007,美国
520,AMERICAN POP,美国流行,动画,立体声,1:35:40,1981,美国
521,AMERICAN DREAMZ,美国梦,喜剧,环绕声，多声道,1:42:42,2006,美国
522,Kit Kittredge: An American Girl,美国女孩的秘密,家庭,,2:00:00,2008,美国
523,AMERICAN PIE 2,美国派2,喜剧,环绕声，多声道,1:24:36,2001,美国
524,AMERICAN WEDDING,美国派3:美国婚礼,喜剧,环绕声，多声道,1:30:13,2003,美国
525,American Reunion,美国派4:美国重逢,喜剧,环绕声，多声道,1:49:11,2012,美国
526,America's Sweethearts,美国甜心,爱情,立体声,1:34:45,2001,美国
527,Life is Beautiful (La vita è bella),美丽人生,喜剧,,2:00:00,1998,意大利
528,WHAT DREAMS MAY COME,美梦成真,剧情,环绕声，多声道,1:48:51,1998,美国
529,Splash,美人鱼,爱情,,2:00:00,1984,美国
530,Sucker Punch,美少女特攻队,奇幻,立体声,2:07:09,2011,美国
531,EAT PRAY LOVE,美食、祈祷和恋爱,爱情,立体声,2:19:13,2010,美国
532,CLOUDY WITH A CHANCE OF MEATBALLS,美食从天而降,动画,立体声,1:29:24,2009,美国
533,No Reservations,美味情缘,爱情,,2:00:00,2007,澳大利亚/美国
534,MONA LISA SMILE,蒙娜丽莎的微笑,剧情,立体声,1:59:17,2003,美国
535,My Soul to Take,猛鬼生日宴,惊悚,环绕声，多声道,1:42:09,2010,美国
536,I Dreamed of Africa,梦回非洲,剧情,立体声,1:49:30,2000,美国
537,"LOST, THE (2009)",迷失,惊悚,立体声,1:34:17,2009,西班牙
538,GONE ('06),迷失方向,惊悚,环绕声，多声道,1:24:04,2006,美国
539,SECRET WINDOW,秘密窗,剧情,立体声,1:35:48,2004,美国
540,By the People: The Election of Barack Obama,民心所向：奥巴马,纪录片,立体声,1:55:37,2010,美国
541,Employee of the Month,明星雇员,喜剧,,2:00:00,2006,美国
542,MISS PETTIGREW LIVES FOR A DAY,明星助理,喜剧,环绕声，多声道,1:27:41,2008,美国
543,THE ADJUSTMENT BUREAU,命运规划局,悬疑,环绕声，多声道,1:41:13,2010,美国
544,ROLE MODELS,模范贱兄弟,喜剧,环绕声，多声道,1:34:28,2008,美国
545,NANNY MCPHEE,魔法保姆麦克菲,奇幻,立体声,1:30:25,2006,美国
546,NANNY MCPHEE RETURNS,魔法保姆麦克菲2,奇幻,环绕声，多声道,1:43:55,2010,英国
547,Ella Enchanted,魔法灰姑娘,奇幻,,2:00:00,2004,英国/美国
548,Enchanted,魔法奇缘,歌舞,,2:00:00,2008,美国
549,"MAGICIANS, THE",魔法师,喜剧,环绕声，多声道,1:26:39,2007,美国
550,The Sorcerer's Apprentice,魔法师的学徒,奇幻,,2:00:00,2010,美国
551,Race to Witch Mountain,魔鬼山历脸记,奇幻,,2:00:00,2009,美国
552,SMALL SOLDIERS,魔幻小战士,科幻,立体声,1:44:56,1998,美国
553,Oz the Great and Powerful,魔境仙踪,奇幻,,2:00:00,2013,美国
554,Mirrormask,魔镜面具,奇幻,立体声,1:40:45,2005,美国
555,The Last House on the Left,魔屋,罪案,环绕声，多声道,1:47:19,2009,美国
556,End Of Days,末日浩劫,动作,,2:00:00,1999,美国
557,The Strangers,陌生人,惊悚,立体声,1:20:45,2008,美国
558,Inkheart,墨水心,奇幻,,2:00:00,2009,美国
559,ONCE UPON A TIME IN MEXICO,墨西哥往事,动作,立体声,1:40:33,2003,美国
560,The Mummy,木乃伊,奇幻,环绕声，多声道,1:58:59,1999,美国
561,The Mummy Returns,木乃伊归来,奇幻,环绕声，多声道,2:09:18,2001,美国
562,Tombstone,墓碑镇,动作,,2:00:00,1993,美国
563,GETTIN' SQUARE,拿错金盆洗错手,喜剧,环绕声，多声道,1:37:01,1999,美国
564,APT PUPIL,纳粹追凶,惊悚,环绕声，多声道,1:40:52,1998,美国
565,"The Chronicles of Narnia: The Lion, the Witch and the Wardrobe",纳尼亚传奇1:狮子、女巫和魔衣橱,奇幻,,2:00:00,2005,美国
566,The Chronicles of Narnia: Prince Caspian,纳尼亚传奇2：凯斯宾王子,奇幻,,2:00:00,2008,美国
567,DADDY DAY CARE,奶爸别动队,喜剧,立体声,1:32:23,2003,美国
568,SOUTHLAND TALES,南方传奇,剧情,立体声,2:11:55,2006,美国
569,Eight Below,南极大冒险,冒险,,2:00:00,2006,美国
570,An Inconvenient Truth,难以忽视的真相,纪录,,2:00:00,2006,美国
571,INSIDE MAN ('06),内部人士,剧情,环绕声，多声道,2:03:18,2006,美国
572,WATER HORSE,尼斯湖水怪,奇幻,立体声,1:50:56,2007,美国
573,"You, Me and Dupree",你，我和杜普利人行,喜剧,环绕声，多声道,1:44:08,2006,美国
574,HOW DO YOU KNOW,你怎知道,喜剧,立体声,2:00:40,2010,美国
575,ANONYMOUS,匿名者,惊悚,环绕声，多声道,2:04:35,2011,英国
576,The Sisterhood of the Traveling Pants,牛仔裤的姐妹情谊,冒险,,2:00:00,2005,美国
577,The Sisterhood of the Traveling Pants 2 ,牛仔裤的夏天2,爱情,,2:00:00,2008,美国
578,Cowboys & Aliens,牛仔与外星人,科幻,,2:00:00,2011,美国
579,,纽约客@上海,爱情,立体声,1:36:43,2012,中国大陆
580,Chocolat,浓情巧克力,爱情,,2:00:00,2000,英国/美国
581,Tango & Cash,怒虎狂龙,罪案,立体声,1:39:14,1989,美国
582,Eternal Sunshine of the Spotless Mind,暖暖内含光,剧情,环绕声，多声道,1:43:13,2004,美国
583,Norbit,诺比特,喜剧,,2:00:00,2007,美国
584,NOTTING HILL,诺丁山,爱情,环绕声，多声道,1:58:52,1999,美国
585,IKE: COUNTDOWN TO D-DAY,诺曼底大风暴,战争,立体声,1:28:38,2004,美国
586,13 Going on 30,女孩梦三十,奇幻,立体声,1:37:47,2004,美国
587,Coyote Ugly,女狼俱乐部,音乐,,2:00:00,2000,美国
588,Cop Out,拍档侦探,动作,,2:00:00,2010,美国
589,FRIENDS WITH BENEFITS,朋友也上床,喜剧,环绕声，多声道,1:42:37,2011,美国
590,The Dilemma,劈腿困境,喜剧,环绕声，多声道,1:45:38,2011,美国
591,CHARLIE'S ANGELS,霹雳娇娃,动作,立体声,1:29:30,2000,美国
592,Charlie's Angels: Full Throttle,霹雳娇娃2,动作,立体声,1:44:48,2003,美国
593,"Truth or Consequences, N.M.",痞子大逃亡,罪案,立体声,1:39:00,1997,美国
594,LAKE PLACID 3,平静的湖3,惊悚,立体声,1:30:41,2010,美国
595,Flight,迫降航班,剧情,,2:00:00,2012,美国
596,SEVEN POUNDS,七磅,剧情,立体声,1:58:03,2008,美国
597,The Spiderwick Chronicles,奇幻精灵事件簿,奇幻,,2:00:00,2008,美国
598,Shorts,奇石,奇幻,,2:00:00,2009,美国
599,Cars 2,汽车总动员2,动画,,2:00:00,2011,美国
600,Ghosts of Girlfriends Past,前女友们的幽灵,喜剧,,2:00:00,2009,美国
601,GET HIM TO THE GREEK,前往希腊剧院,喜剧,环绕声，多声道,1:38:32,2010,美国
602,Snatch,强盜遇上贼,罪案,立体声,1:35:25,2000,美国
603,Smokin' aces,呛烟高手,罪案,环绕声，多声道,1:43:17,2006,美国
604,ONE TRUE THING,亲情无价,剧情,环绕声，多声道,2:02:04,1998,美国
605,Rushmore,青春年少,喜剧,,2:00:00,1999,美国
606,Confessions of a Teenage Drama Queen,青春舞会皇后,喜剧,,2:00:00,2004,美国
607,"GREEN HORNET, THE",青蜂侠,动作,立体声,1:57:43,2011,美国
608,It Could Happen to You,倾城佳话,爱情,立体声,1:33:52,1994,美国
609,dragonfly,蜻蜓,惊悚,立体声,1:35:30,2002,美国
610,Sweet Home Alabama,情归阿拉巴马,爱情,,2:00:00,2002,美国
611,Valentine's Day,情人节,爱情,,2:00:00,2010,美国
612,WHITE PALACE,情挑六月花,剧情,立体声,1:33:17,1990,美国
613,CARLITO'S WAY,情枭的黎明,剧情,环绕声，多声道,2:16:01,1993,美国
614,PLEASE GIVE,请给予,剧情,立体声,1:30:12,2010,美国
615,Run Fat Boy Run,求爱马拉松,运动,,2:00:00,2008,英国
616,MICKEY BLUE EYES,求婚脑震荡,喜剧,环绕声，多声道,1:42:03,1999,美国
617,"EXORCIS M OF EMILY ROSE, THE",驱魔,惊悚,立体声,1:59:14,2005,美国
618,PRIEST,驱魔者,惊悚,立体声,1:23:41,2011,美国
619,Trouble with the Curve,曲线难题,剧情,环绕声，多声道,1:50:59,2012,美国
620,Along Came a Spider,全面追辑令,惊悚,,2:00:00,2001,美国/德国
621,HITCH (2005),全民情敌,喜剧,环绕声，多声道,1:58:04,2005,美国
622,All-Star Superman,全明星超人,动画,立体声,1:16:05,2011,美国
623,"MAN WHO WASN'T THERE, THE",缺席的人,罪案,环绕声，多声道,1:51:15,2001,美国
624,"DEFINITELY, MAYBE",确定的可能,喜剧,环绕声，多声道,1:46:49,2008,美国
625,LEGENDS OF THE FALL,燃情岁月,剧情,立体声,2:12:31,1995,美国
626,moonlite mile,让爱自由,剧情,立体声,1:47:20,2002,美国
627,Tropic Thunder,热带惊雷,动作,,2:00:00,2008,德英美
628,YOU GOT SERVED,热力四封,舞蹈,环绕声，多声道,1:30:42,2004,美国
629,Dog Day Afternoon,热天午后,罪案,立体声,1:59:22,1975,美国
630,Hot Fuzz,热血警探,动作,环绕声，多声道,1:55:06,2007,美国
631,The Bone Collector,人骨拼图,罪案,立体声,1:47:49,1999,美国
632,"CHILDREN OF MEN, THE",人类之子,科幻,环绕声，多声道,1:43:28,2006,美国
633,Hostel: Part III,人皮客栈3,惊悚,立体声,1:24:27,2011,美国
634,LIFE,人生,剧情,立体声,1:48:37,1999,美国
635,TMNT,忍者神龟,动画,立体声,1:22:43,2007,美国
636,leap year,闰年,爱情,环绕声，多声道,1:35:47,2010,美国
637,The Blind Side,弱点,运动,,2:00:00,2009,美国
638,Dan in Real Life,三个新娘一个老爸,爱情,环绕声，多声道,1:33:47,2007,美国
639,Mr. 3000,三千大佬,喜剧,立体声,1:33:33,2004,美国
640,30 DAYS OF NIGHT,三十极夜,惊悚,立体声,1:52:02,2007,美国
641,30 DAYS OF NIGHT: DARK DAYS,三十极夜2,恐怖,立体声,1:31:52,2010,美国
642,George of the Jungle,森林泰山,冒险,,2:00:00,1997,美国
643,DESPERADO (1995),杀人三步曲,动作,环绕声，多声道,1:38:25,1995,美国
644,El Mariachi,杀手悲歌,罪案,立体声,1:16:35,1992,美国
645,IN BRUGES,杀手没有假期,罪案,环绕声，多声道,1:37:21,2008,美国
646,Hidalgo,沙漠骑兵,动作,,2:00:00,2004,美国
647,Ballast,沙囊,剧情,,2:00:00,2008,美国
648,SHAKESPEARE IN LOVE,莎翁情史,爱情,环绕声，多声道,1:56:29,1998,美国
649,Powder,闪电奇迹,奇幻,,2:00:00,1995,美国
650,SPARKLE (2012),闪耀的花火,音乐,环绕声，多声道,1:51:21,2012,美国
651,BOUNTY HUNTER (2010),赏金猎手,罪案,立体声,1:50:31,2010,美国
652,Shanghai Knights,上海武士,动作,立体声,1:45:12,2003,美国
653,Shanghai Noon,上海正午,动作,立体声,1:45:45,2000,美国
654,The Clique,少女五年组,喜剧,,2:00:00,2008,美国
655,SNAKE EYES,蛇眼,罪案,立体声,1:34:26,1998,美国
656,"SOCIAL NETWORK, THE",社交网络,剧情,立体声,1:59:11,2010,美国
657,AND JUSTICE FOR ALL,伸张正义,罪案,立体声,1:58:18,1979,美国
658,Identity Thief,身份窃贼,喜剧,,2:00:00,2013,美国
659,Little Children,身为人母,罪案,,2:00:00,2006,美国
660,The League of Gentlemen's Apocalypse,绅士的启示联盟,喜剧,环绕声，多声道,1:23:07,2005,美国
661,Circus,神鬼骗局,罪案,立体声,1:25:35,2000,英国
662,HEAD OVER HEELS,神魂颠倒,剧情,环绕声，多声道,1:22:41,2001,美国
663,The Village,神秘村,惊悚,,2:00:00,2004,美国
664,The Pirates! Band of Misfits,神奇海盜团,动画,环绕声，多声道,1:23:53,2012,美国
665,CLICK (2006),神奇遥控器,奇幻,环绕声，多声道,1:47:21,2006,美国
666,Air Bud,神犬也疯狂,家庭,,2:00:00,1997,美国/加拿大
667,RESIDENT EVIL,生化危机,科幻,立体声,1:31:25,2002,美国
668,RESIDENT EVIL: DAMNATION,生化危机：诅咒,动画,环绕声，多声道,1:35:13,2012,美国
669,RESIDENT EVIL: APOCALYPSE,生化危机2,科幻,立体声,1:17:10,2004,美国
670,RESIDENT EVIL: EXTINCTION,生化危机3:灭绝,科幻,立体声,1:29:38,2007,美国
671,RESIDENT EVIL: AFTERLIFE,生化危机4:战神再生,科幻,立体声,1:36:39,2010,美国
672,Shooter,生死狙击,动作,,2:00:00,2007,美国
673,BORN ON THE FOURTH OF JULY,生于七月四日,剧情,环绕声，多声道,2:09:17,1989,美国
674,The Santa Clause,圣诞大疯狂,奇幻,,2:00:00,1994,美国
675,Christmas Story,圣诞故事,家庭,立体声,1:29:28,1983,美国
676,A Christmas Story2,圣诞故事2,家庭,环绕声，多声道,1:22:03,2012,美国
677,Dr. Seuss' How the Grinch Stole Christmas,圣诞怪杰,喜剧,环绕声，多声道,1:40:37,2000,美国
678,The Muppet Christmas Carol,圣诞欢歌,奇幻,,2:00:00,1992,美国
679,GANDHI,圣雄甘地,传记,立体声,3:08:02,1992,美国
680,A Knight's Tale,圣战骑士,冒险,立体声,2:02:45,2001,美国
681,The Losers,失败者,罪案,,2:00:00,2010,美国
682,High Fidelity,失恋排行榜,爱情,,2:00:00,2000,英国/美国
683,LAND OF THE LOST,失落的大陆,科幻,环绕声，多声道,1:37:10,2009,美国
684,THE LADYKILLERS,师奶杀手,喜剧,立体声,1:34:53,1987,美国
685,Zodiac,十二宫,罪案,,2:00:00,2007,美国
686,Ocean's Twelve,十二罗汉,罪案,立体声,1:59:29,2004,美国
687,December Boys,十二月男孩,爱情,,2:00:00,2007,英国/美国
688,How to Lose a Guy in 10 Days,十日拍拖手册,爱情,,2:00:00,2003,美国/德国
689,DAYLIGHT,十万火急,剧情,环绕声，多声道,1:49:40,1996,美国
690,OCTOBER SKY,十月的天空,剧情,立体声,1:42:51,1999,美国
691,The Time Traveler's Wife,时间旅行者的妻子,奇幻,,2:00:00,2009,美国
692,The Hours,时时刻刻,剧情,,2:00:00,2002,美国/英国
693,TICKING CLOCK,时钟,罪案,立体声,1:40:33,2010,美国
694,Scooby-Doo,史酷比,奇幻,立体声,1:22:36,2002,美国
695,Scooby-Doo! Legend of the Phantosaur,史酷比！鬼怪岛的传说,动画,立体声,1:15:11,2011,美国
696,Scooby-Doo! Music of the Vampire,史酷比！鬼魅音乐,动画,环绕声，多声道,1:18:07,2012,美国
697,Scooby-Doo! Stage Fright,史酷比！舞台风波,动画,立体声,1:18:15,2013,美国
698,Scooby-Doo! Curse of the Lake Monster,史酷比：湖怪的诅咒,奇幻,立体声,1:21:54,2010,美国
699,Scooby-Doo! Mask of the Blue Falcon,史酷比：蓝猎鹰面具,动画,环绕声，多声道,1:16:24,2012,美国
700,Big Top Scooby-Doo!,史酷比：最高危机,动画,环绕声，多声道,1:20:11,2012,美国
701,Scooby-Doo and the Cyber Chase,史酷比鬼屋历险,动画,立体声,1:09:16,2005,美国
702,Scooby-Doo and the Monster of Mexico,史酷比与墨西哥妖怪,动画,立体声,1:15:07,2003,美国
703,"10,000 BC",史前一万年,科幻,,2:00:00,2008,美国
704,DOOMSDAY,世界末日,科幻,环绕声，多声道,1:42:06,2007,美国
705,World Trade Center,世贸中心,剧情,,2:00:00,2006,美国
706,The Roommate,室友,惊悚,立体声,1:28:19,2011,美国
707,The Vow,誓约,爱情,环绕声，多声道,1:39:27,2012,美国
708,Watchmen,守望者,科幻,,2:00:00,2009,美国
709,Atonement,赎罪,剧情,立体声,1:57:36,2007,美国
710,Duplex,双层公寓,喜剧,,2:00:00,2003,美国/德国
711,The Mirror Has Two Faces,双面镜,剧情,立体声,2:06:20,1997,美国
712,DOUBLE VISION (2002),双瞳,惊悚,立体声,1:45:59,2002,美国
713,Who Framed Roger Rabbit,谁陷害了兔子罗杰,动画,,2:00:00,1988,美国
714,Lady in the Water,水中女妖,惊悚,,2:00:00,2006,美国
715,The Life Aquatic with Steve Zissou,水中生活,剧情,,2:00:00,2004,美国
716,Bedtime Stories,睡前故事,奇幻,,2:00:00,2008,美国
717,IT'S KIND OF A FUNNY STORY,说来有点可笑,喜剧,环绕声，多声道,1:36:07,2010,美国
718,300,斯巴达300勇士,动作,,2:00:00,2007,美国
719,DEAD SILENCE,死寂,恐怖,立体声,1:25:25,2007,美国
720,Final Destination 5,死神来了5,惊悚,环绕声，多声道,1:27:40,2012,美国
721,DEATH RACE ('08),死亡飞车,动作,立体声,1:39:51,2008,美国
722,Dead Poets Society,死亡诗社,剧情,,2:00:00,1989,美国
723,ANGEL OF DEATH,死亡天使,动作,立体声,1:17:42,2009,美国
724,The 40 Year-Old Virgin,四十岁老处男,喜剧,环绕声，多声道,1:50:21,2005,美国
725,Four Christmases,四喜临门,喜剧,,2:00:00,2008,美国/德国
726,The Fast and the Furious,速度与激情,动作,环绕声，多声道,1:42:27,2001,美国
727,FAST AND THE FURIOUS: Tokyo Drift,速度与激情3,动作,环绕声，多声道,1:39:48,2006,美国
728,FAST & FURIOUS,速度与激情4,动作,环绕声，多声道,1:36:50,2009,美国
729,FAST FIVE,速度与激情5,动作,环绕声，多声道,2:04:57,2011,美国
730,JUST GO WITH IT,随波逐流,爱情,立体声,1:51:22,2011,美国
731,TEARS OF THE SUN,太阳泪,战争,环绕声，多声道,1:55:58,2003,美国
732,Cirque du Soleil: Worlds Away,太阳马戏团：遥远的世界,奇幻,,2:00:00,2012,美国
733,ted,泰迪熊,喜剧,环绕声，多声道,1:40:12,2012,美国
734,The Island,逃出克隆岛,科幻,立体声,2:10:20,2005,美国
735,Argo,逃离德黑兰,剧情,立体声,2:00:17,2012,美国
736,Fool's Gold,淘金俏冤家,爱情,,2:00:00,2008,美国
737,Extremely Loud & Incredibly Close,特别响，非常近,剧情,环绕声，多声道,2:09:25,2011,美国
738,Miss Congeniality 2: Armed and Fabulous,特工佳丽2,罪案,,2:00:00,2005,美国/澳大利亚
739,SALT,特工绍特,动作,立体声,1:36:53,2010,美国
740,Judge Dredd,特警判官,科幻,,2:00:00,1995,英国/美国
741,The Express,特快达阵,剧情,环绕声，多声道,2:04:07,2008,美国
742,Troy,特洛伊,动作,立体声,2:36:03,2004,美国
743,The Good Shepherd,特务风云,剧情,环绕声，多声道,2:39:52,2006,美国
744,G.I. Joe: The Rise of Cobra,特种部队：眼镜蛇的崛起,动作,,2:00:00,2009,美国
745,G.I. Joe: Retaliation,特种部队2:全面反击,动作,,2:00:00,2013,美国
746,Body Heat,体热,剧情,立体声,1:48:07,1981,美国
747,The Replacement Killers,替身杀手,动作,立体声,1:23:53,1998,美国
748,DANTE'S PEAK,天崩地裂,剧情,环绕声，多声道,1:43:50,1997,美国
749,FLASH OF GENIUS,天才闪光,剧情,环绕声，多声道,1:54:11,2008,美国
750,The Royal Tenenbaums,天才一族,喜剧,,2:00:00,2001,美国
751,The Natural,天赋,剧情,立体声,2:18:04,1984,美国
752,The Weather Man,天气预报员,剧情,,2:00:00,2005,美国
753,The Parent Trap,天生一对,家庭,,2:00:00,1998,美国
754,ANGELS & DEMONS,天使与魔鬼,悬疑,立体声,2:18:16,2009,美国
755,The Fisher King,天涯沦落两心知,剧情,立体声,2:07:45,1991,美国
756,Signs,天兆,科幻,,2:00:00,2002,美国
757,The Sweetest Thing,甜姐不辣,爱情,立体声,1:23:20,2002,美国
758,HONEY ,甜心辣舞,音乐,环绕声，多声道,1:30:00,2003,美国
759,JERRY MAGUIRE,甜心先生,爱情,立体声,1:12:51,1996,美国
760,Miracle,挑战奇迹,剧情,,2:00:00,2004,美国
761,JUMP (2009),跳出去,剧情,立体声,1:26:44,2009,中国香港
762,Real Steel,铁甲钢拳,科幻,,2:00:00,2011,美国
763,WANTED,通辑令,动作,环绕声，多声道,1:45:18,2008,美国
764,Let's Go to Prison,同居牢友,喜剧,立体声,1:25:30,2006,美国
765,Hall Pass,偷情许可证,爱情,环绕声，多声道,1:31:55,2011,美国
766,The Italian Job,偷天换日,罪案,,2:00:00,2003,英法美
767,CLOSER,偷心,爱情,环绕声，多声道,1:43:43,2004,美国
768,The Warlords,投名状,古装,立体声,1:51:07,2007,中国大陆
769,HOLLOW MAN,透明人,科幻,立体声,1:41:00,2000,美国
770,Under the Tuscan Sun,托斯卡尼艳阳下,爱情,,2:00:00,2003,美国/意大利
771,ALL THE PRETTY HORSES,脱缰野马,剧情,立体声,1:56:16,2000,美国
772,Mr. Magoo,脱线先生,喜剧,,2:00:00,1997,美国
773,SCOTT PILGRIM VS THE WORLD,歪小子斯科特,奇幻,环绕声，多声道,1:47:02,2010,美国
774,starman,外星恋,科幻,立体声,1:54:54,1984,美国
775,My Favorite Martian,外星人报到,科幻,,2:00:00,1999,美国
776,The Perfect Storm,完美风暴,冒险,立体声,1:58:19,2000,美国
777,Just Like Heaven,宛如天堂,剧情,,2:00:00,2005,美国
778,The Skeleton Key,万能钥匙,惊悚,环绕声，多声道,1:38:57,2005,美国
779,DESPERATE MEASURES,亡命之计,动作,环绕声，多声道,1:36:37,1998,美国
780,"CABLE GUY, THE",王牌特派员,惊悚,环绕声，多声道,1:27:14,1996,美国
781,Searching for Bobby Fischer,王者之旅,喜剧,,2:00:00,1995,美国
782,YOUR HIGHNESS,王子殿下,喜剧,环绕声，多声道,1:30:09,2011,美国
783,The Net 2.0,网络惊魂2.0,动作,立体声,1:32:17,2006,美国
784,"WAY WE WERE, THE",往日情怀,爱情,立体声,1:57:28,1973,美国
785,FORGETTING SARAH MARSHALL,忘掉莎拉·马歇尔,喜剧,环绕声，多声道,1:42:15,2008,美国
786,Doing Hard Time,危机时刻,动作,立体声,1:31:34,2004,美国
787,Dangerous Minds,危险游戏,罪案,,2:00:00,1995,美国
788,AWAY WE GO,为子搬迁,喜剧,环绕声，多声道,1:32:14,2009,美国
789,"ASSIGNMENT, THE (1997)",委以重任,惊悚,环绕声，多声道,1:46:36,1997,美国
790,Future X-Cops,未来警察,科幻,立体声,1:39:16,2010,中国大陆
791,WATERWORLD,未来水世界,科幻,环绕声，多声道,2:09:29,1995,美国
792,SCENT OF A WOMAN,闻香识女人,剧情,环绕声，多声道,2:28:55,1992,美国
793,10 Things I Hate About You,我恨你的十件事,爱情,立体声,1:33:20,1999,美国
794,Life as We Know It,我们所知道的生活,喜剧,环绕声，多声道,1:54:30,2010,美国
795,People Like Us,我们这祥的人,剧情,,2:00:00,2012,美国
796,I Now Pronounce You Chuck and Larry,我盛大的同志婚礼,喜剧,环绕声，多声道,1:50:27,2007,美国
797,I Am Legend,我是传奇,科幻,,2:00:00,2007,美国
798,Why Did I Get Married?,我为什么结婚了？,喜剧,,2:00:00,2007,美国
799,,我愿意,爱情,立体声,1:42:04,2012,中国大陆
800,I Know What You Did Last Summer,我知道去年夏天你干了什么,惊悚,立体声,1:40:36,1997,美国
801,My Best Friend's Wedding,我最好朋友的婚礼,爱情,立体声,1:36:25,1997,美国
802,UNDERCOVER BROTHER,卧底兄弟,喜剧,环绕声，多声道,1:22:05,2002,美国
803,BEETHOVEN ('92),无敌当家,喜剧,立体声,1:23:16,1992,美国
804,BEETHOVEN'S 2ND,无敌当家2,喜剧,立体声,1:24:30,1993,美国
805,The Incredible Hulk,无敌浩克,科幻,环绕声，多声道,1:47:21,2008,美国
806,Wreck-It Ralph,无敌破坏王,动画,,2:00:00,2012,美国
807,RESTLESS,无法安宁,剧情,环绕声，多声道,1:26:56,2011,美国
808,WAIST DEEP,无法无天,罪案,环绕声，多声道,1:32:40,2006,美国
809,INGLORIOUS BASTERDS,无良杂种,战争,环绕声，多声道,2:26:11,2009,美国
810,JUDE,无名的裘德,爱情,立体声,1:54:38,1996,美国
811,"PIRATES WHO DON'T DO ANYTHING, THE",无所事事的海盗,动画,环绕声，多声道,1:21:46,2008,美国
812,The Five-Year Engagement,五年之约,爱情,环绕声，多声道,2:04:00,2012,美国
813,SEA OF LOVE,午夜惊情,罪案,环绕声，多声道,1:42:55,1989,美国
814,GORILLAS IN THE MIST,雾中猩猩：黛安·福西的冒,剧情,立体声,2:03:56,1988,美国
815,So Close,夕阳天使,动作,立体声,1:44:14,2002,中国大陆
816,Spanglish,西班牙女佣,剧情,立体声,2:11:01,2003,美国
817,Jonah Hex,西部英雄约拿·哈克斯,动作,,2:00:00,2010,美国
818,Sleepless in Seattle,西雅图夜未眠,爱情,立体声,1:44:27,1993,美国
819,Cirque du Freak: The Vampire's Assi,吸血鬼助手,惊悚,环绕声，多声道,1:44:21,2009,美国
820,Jack Reacher,侠探杰克,动作,,2:00:00,2012,美国
821,Charlotte's Web,夏洛特的网,奇幻,,2:00:00,2006,美国/德国
822,Music of the Heart,弦动我心,音乐,,2:00:00,1999,美国
823,Trapped,陷入绝境,动作,立体声,1:45:44,2002,美国
824,the country bears,乡村小熊,喜剧,立体声,1:21:10,2002,美国
825,COUNTRY STRONG,乡谣情缘,剧情,立体声,1:56:38,2010,美国
826,The Help,相助,剧情,,2:00:00,2011,美国
827,THINK LIKE A MAN,像男人一样思考,喜剧,环绕声，多声道,1:55:58,2012,美国
828,Shawshank Redemption,肖申克的救赎,剧情,立体声,2:22:40,1994,美国
829,LITTLE MAN,小矮人,喜剧,立体声,1:37:34,2006,美国
830,LITTLE WOMEN (1994),小妇人,爱情,立体声,1:53:40,1994,美国
831,Red Riding Hood,小红帽,惊悚,立体声,1:39:40,2011,美国
832,white chicks,小姐好白,喜剧,立体声,1:39:13,2004,美国
833,BABE: PIG IN THE CITY,小猪进城,喜剧,立体声,1:26:53,1998,美国
834,,笑过2012,剧情,立体声,1:51:14,2012,中国大陆
835,The Scorpion King,蝎子王,奇幻,环绕声，多声道,1:31:19,2002,美国
836,Firelight,心火,爱情,,2:00:00,1998,美国
837,PATCH ADAMS,心灵点滴,喜剧,环绕声，多声道,1:50:11,2006,美国
838,Schindler's List,辛德勒名单,传记,,2:00:00,1993,美国
839,LES MISERABLES,新悲惨世界,剧情,立体声,2:13:51,1998,美国
840,"NEW GUY, THE (2002)",新丁驾到,喜剧,立体声,1:18:04,2002,美国
841,The Count Of Monte Cristo,新基督山伯爵,惊悚,,2:00:00,2002,美国/英国
842,Sabrina (1995),新龙凤配,喜剧,,2:00:00,1995,美国/德国
843,New Year's Eve,新年前夜,剧情,环绕声，多声道,1:52:42,2011,美国
844,FUN WITH DICK AND JANE (2005),新抢钱夫妻,喜剧,立体声,1:30:14,2005,美国
845,SOMETHING NEW,新人恋曲,喜剧,立体声,1:35:45,2006,美国
846,Shaolin,新少林寺,动作,立体声,2:10:58,2011,中国大陆
847,The Rookie,新手正传,动作,,2:00:00,2002,美国
848,Father of the Bride Part II,新岳父大人,喜剧,立体声,1:42:10,1991,美国
849,Father of the Bride,新岳父大人2,喜剧,立体声,1:38:17,1995,美国
850,Stardust,星尘,奇幻,,2:00:00,2007,英国/美国
851,Starship Troopers,星河战队,科幻,,2:00:00,1997,美国
852,STARSHIP TROOPERS: INVASION,星河战队：入侵,动画,环绕声，多声道,1:23:29,2012,美国
853,Old Dogs,星级拍档,喜剧,,2:00:00,2009,美国
854,PITCH BLACK,星际传奇,科幻,环绕声，多声道,1:43:53,2000,美国
855,"CHRONICLES OF RIDDICK, THE",星际传奇2,科幻,立体声,1:59:12,2004,美国
856,Star Trek,际迷航,科幻,,2:00:00,2009,美国
857,Star Wars: The Clone Wars,星球人战：克隆战争,动画,,2:00:00,2008,美国
858,"Happiness Is a Warm Blanket, Charlie Brown",幸福是一条溫暖的毛毯,动画,立体声,0:44:56,2011,美国
859,The Lucky One,幸运符,剧情,环绕声，多声道,1:40:49,2012,美国
860,"PEOPLE VS. LARRY FLYNT, THE",性书大亨,剧情,立体声,2:04:04,1996,美国
861,Sister Act,修女也疯狂,音乐,,2:00:00,1992,美国
862,Sister Act 2: Back in the Habit,修女也疯狂 2,音乐,,2:00:00,1993,美国
863,The Hangover Part II,宿醉2,喜剧,环绕声，多声道,1:39:41,2012,美国
864,"Hangover III, The",宿醉3,喜剧,环绕声，多声道,1:40:04,2013,美国
865,HAMLET 2,续写哈姆雷特,喜剧,环绕声，多声道,1:22:46,2008,美国
866,White Fang,雪地黄金犬,冒险,,2:00:00,1991,美国
867,Whiteout,雪盲,惊悚,,2:00:00,2009,加拿大/美国
868,Snow Dogs,雪橇狗,喜剧,立体声,1:31:00,2002,美国
869,Blood Diamond,血钻,剧情,立体声,2:17:12,2006,美国
870,A Very Harold & Kumar Christmas,寻堡奇遇3,喜剧,环绕声，多声道,1:25:48,2011,美国
871,Finding Forrester,寻找弗雷斯特,剧情,立体声,2:06:25,2000,美国
872,Finding Neverland,寻找梦幻岛,传记,,2:00:00,2004,英国/美国
873,Training Day,训练日,罪案,立体声,1:56:54,2001,美国
874,Arthur,亚瑟,喜剧,环绕声，多声道,1:49:47,2011,美国
875,ARTHUR CHRISTMAS,亚瑟·圣诞,动画,环绕声，多声道,1:33:22,2011,美国
876,King Arthur,亚瑟王,动作,,2:00:00,2004,美国/英国
877,"SERIOUS MAN, A",严肃的男人,喜剧,环绕声，多声道,1:39:09,2009,美国
878,Rock of Ages,摇滚年代,爱情,环绕声，多声道,2:03:11,2012,美国
879,WILD CHILD,野孩子,爱情,环绕声，多声道,1:33:26,2009,美国
880,Where the Wild Things Are,野兽家园,奇幻,,2:00:00,2009,美国
881,Evening,夜幕,剧情,环绕声，多声道,1:52:04,2007,美国
882,BLOODWORTH,夜之州,剧情,立体声,1:31:42,2011,美国
883,"PERFECT GETAWAY, A",一次完美的逃亡,惊悚,立体声,1:35:45,2009,美国
884,Simon Birch,一路上有你,喜剧,,2:00:00,1998,加拿大
885,Keeping the Faith,一如既往,喜剧,,2:00:00,2000,美国
886,Fierce People,一生爱永远,剧情,,2:00:00,2008,美国/加拿大
887,KNOCKED UP,一夜大肚,喜剧,环绕声，多声道,2:02:23,2007,美国
888,ELIZABETH,伊丽莎白,剧情,环绕声，多声道,1:58:27,1998,美国
889,"Elizabeth: Golden Age, The",伊丽莎白：辉煌年代,剧情,立体声,1:50:07,2007,美国
890,Elizabethtown,伊丽莎白镇,爱情,,2:00:00,2005,美国
891,"Rite, The",仪式,惊悚,环绕声，多声道,1:53:38,2011,美国
892,"GIRL, INTERRUPTED",移魂女郎,剧情,立体声,2:07:06,2000,美国
893,Oblivion,遗落战境,科幻,,2:00:00,2013,美国
894,The Bucket List,遗愿清单,罪案,,2:00:00,2007,美国
895,UNDER SUSPICION (2000),疑云密布,罪案,立体声,1:49:11,2000,美国
896,"Thirteenth Floor, The",异次元骇客,惊悚,立体声,1:40:17,1999,美国
897,ALIEN HUNTER,异度深寒,科幻,环绕声，多声道,1:27:20,2003,美国
898,John Carter,异星战场,科幻,,2:00:00,2012,美国
899,RANDOM HEARTS,驿动的心,罪案,环绕声，多声道,2:07:13,1999,美国
900,Up Close & Personal,因为你爱过我,爱情,,2:00:00,1996,美国
901,The English Patient,英国病人,爱情,,2:00:00,1996,美国
902,"UNBORN, THE",婴灵恶泣,恐怖,环绕声，多声道,1:24:13,2009,美国
903,SHADOW MAN,影子超人,动作,环绕声，多声道,1:31:10,2006,美国
904,"HARD CORPS, THE",硬汉团,动作,立体声,1:50:20,2006,美国
905,HARDWIRED,硬连线,科幻,环绕声，多声道,1:33:45,2009,美国
906,Invictus,永不屈服,剧情,,2:00:00,2009,美国
907,SENNA,永远的车神,传记,环绕声，多声道,1:40:26,2010,美国
908,Pride,泳池骄龙,运动,,2:00:00,2007,美国
909,The Rock,勇闻夺命岛,冒险,,2:00:00,1996,美国
910,Brave,勇敢传说,动画,,2:00:00,2012,美国
911,Jumanji,勇敢者游戏,奇幻,立体声,1:44:00,1995,美国
912,ZATHURA: A SPACE ADVENTURE,勇敢者游戏2,奇幻,环绕声，多声道,1:41:16,2005,美国
913,COURAGEOUS,勇气,剧情,立体声,1:24:17,2011,美国
914,"SQUID AND THE WHALE, THE",鱿鱼和鲸,喜剧,立体声,1:17:23,2005,美国
915,Amusement,娱乐游戏,剧情,,2:00:00,2009,美国
916,Yogi Bear 3D,瑜伽熊,动画,立体声,1:20:19,2010,美国
917,DEVIL IN A BLUE DRESS,与魔鬼同行,罪案,立体声,1:33:52,1995,美国
918,TEA WITH MUSSOLINI,与墨索里尼喝茶,剧情,环绕声，多声道,1:52:09,1999,美国
919,RIDING IN CARS WITH BOYS,与男孩同车,剧情,立体声,2:01:01,2001,美国
920,"ONE, THE",宇宙追辑令,科幻,环绕声，多声道,1:23:45,2001,美国
921,Hugo,雨果,冒险,,2:00:00,2011,美国
922,Due Date,预产期,喜剧,立体声,1:33:36,2010,美国
923,Sex and the City,欲望都市,爱情,,2:00:00,2008,美国
924,Sex and the City 2,欲望都市2,爱情,,2:00:00,2010,美国
925,ALONG CAME POLLY,遇见波莉,喜剧,环绕声，多声道,1:26:13,2004,美国
926,MEETING EVIL (2012),遇见恶魔,罪案,环绕声，多声道,1:25:00,2012,美国
927,Gigli,鸾鸯绑匪,罪案,立体声,1:53:05,2003,美国
928,YEAR ONE,元年,喜剧,环绕声，多声道,1:35:32,2009,美国
929,Serendipity,缘分天注定,奇幻,,2:00:00,2001,美国
930,Going the Distance,远距离爱情,爱情,立体声,1:37:25,2010,美国
931,MOON,月球,科幻,环绕声，多声道,1:36:59,2009,美国
932,LORENZO'S OIL,再生之旅,剧情,立体声,2:07:01,1992,美国
933,DEATH AT A FUNERAL,葬礼上的死亡,喜剧,立体声,1:31:56,2010,美国
934,Jersey Girl,泽西女孩,剧情,,2:00:00,2004,美国
935,Right at Your Door,战栗城市,惊悚,,2:00:00,2007,美国
936,United 93,战栗航班93,罪案,环绕声，多声道,1:46:14,2006,美国
937,PANIC ROOM,战栗空间,惊悚,立体声,1:51:51,2002,美国
938,OUT OF SIGHT ('98),战略高手,剧情,环绕声，多声道,1:57:45,1998,美国
939,War Horse,战马,战争,,2:00:00,2011,美国
940,GROWN UPS,长大后,喜剧,立体声,1:12:10,2010,美国
941,CJ-7 2,长江7号爱地球,动画,立体声,1:22:38,2010,中国大陆
942,CJ7,长江七号,喜剧,立体声,1:27:51,2008,中国大陆
943,The Remains of the Day,长日留痕,剧情,立体声,2:05:35,1993,英国
944,OBSESSED (2009),着迷,剧情,环绕声，多声道,1:48:20,2009,美国
945,Vacancy 2: The First Cut,针孔旅馆2,恐怖,立体声,1:22:20,2009,美国
946,Pearl Harbor,珍珠港,战争,立体声,2:46:06,2001,美国
947,Tuck Everlasting,真爱无尽,奇幻,,2:00:00,2002,美国
948,INTOLERABLE CRUELTY,真情假爱,喜剧,立体声,1:32:58,2003,美国
949,Everything Is Illuminated,真相大白,罪案,,2:00:00,2005,加拿大/新西兰
950,Must Love Dogs,征婚广告,爱情,,2:00:00,2005,美国
951,DID YOU HEAR ABOUT THE MORGANS?,蒸发的摩根夫妇,喜剧,立体声,1:43:23,2009,美国
952,Eraser,蒸发密令,动作,立体声,1:54:34,1996,美国
953,HOP,拯救小兔,动画,环绕声，多声道,1:27:01,2011,美国
954,Justice League: Doom,正义联盟：判决,动画,环绕声，多声道,1:16:47,2012,美国
955,Justice League: Flashpoint Paradox,正义联盟：闪点行动,动画,环绕声，多声道,1:21:10,2013,美国
956,The Dukes of Hazzard,正义前锋,动作,,2:00:00,2005,美国
957,Witness,证人,惊悚,,2:00:00,1985,美国
958,Spider-Man,蜘蛛侠,科幻,立体声,1:51:35,2002,美国
959,Spider-Man 2,蜘蛛侠2,科幻,环绕声，多声道,1:58:21,2004,美国
960,SPIDER-MAN 3 (2007),蜘蛛侠3,科幻,立体声,2:19:05,2007,美国
961,TAKING WOODSTOCK,制造伍德斯托克音乐节,音乐,环绕声，多声道,1:52:18,2009,美国
962,IDENTITY,致命ID,悬疑,立体声,1:32:17,2003,美国
963,The Invasion,致命拜访,科幻,,2:00:00,2007,美国/澳大利亚
964,"TOURIST, THE",数命伴旅,动作,立体声,1:42:54,2010,美国
965,"Prestige, The",致命魔术,惊悚,立体声,2:04:54,2006,美国
966,The Devil's Own,敦命突击队,剧情,环绕声，多声道,1:51:07,1997,美国
967,Lethal Weapon 1,致命武器,动作,立体声,1:44:35,1987,美国
968,Lethal Weapon 2,致命武器2,动作,立体声,1:49:16,1989,美国
969,CRUEL INTENTIONS,致命性游戏,惊悚,立体声,1:37:24,1999,美国
970,ULTRAVIOLET,致命紫罗兰,科幻,立体声,1:25:02,2006,美国
971,CENTER STAGE,中央舞台,音乐,立体声,1:55:35,2000,美国
972,DONNIE BRASCO,忠奸人,罪案,立体声,1:59:05,1997,美国
973,MERCURY RISING,终极密码战,剧情,环绕声，多声道,1:46:45,1998,美国
974,TERMINATOR SALVATION,终结者2018,科幻,立体声,1:57:00,2009,美国
975,Terminator 3: Rise of the Machines,终结者3:机器的警觉,科幻,立体声,1:48:57,2003,美国
976,17 Again,重返17岁,爱情,,2:00:00,2009,美国
977,Rescue Dawn,重见天日,动作,立体声,2:03:07,2007,美国
978,REPO MEN,重生男人,动作,环绕声，多声道,1:46:13,2010,美国
979,GRIDIRON GANG (2006),重振球风,剧情,立体声,2:05:11,2006,美国
980,FRIDAY NIGHT LIGHTS,周末午夜光明,剧情,环绕声，多声道,1:52:38,2004,美国
981,JULIE & JULIA,朱莉与茱莉娅,剧情,环绕声，多声道,2:02:48,2009,美国
982,JURASSIC PARK,侏罗纪公园,科幻,环绕声，多声道,2:01:14,1993,美国
983,"LOST WORLD: JURASSIC PARK, THE",侏罗纪公园2:失落的世界,科幻,环绕声，多声道,2:03:20,1997,美国
984,JURASSIC PARK III,侏罗纪公园3,科幻,环绕声，多声道,1:28:22,2001,美国
985,Clash of the Titans,诸神之战,科幻,,2:00:00,2010,美国
986,Wrath of the Titans,诸神之战2:诸神之怒,奇幻,环绕声，多声道,1:32:43,2012,美国
987,ARMORED,装甲车,剧情,立体声,1:27:33,2009,美国
988,BRICK,追凶,悬疑,环绕声，多声道,1:45:21,2006,英国
989,"RUNDOWN, THE (2003)",追战时刻,动作,立体声,1:43:46,2003,美国
990,CATCH AND RELEASE,捉放爱,剧情,立体声,1:51:27,2006,美国
991,GHOSTBUSTERS,捉鬼敢死队,奇幻,立体声,1:45:09,1986,美国
992,GHOSTBUSTERS II,捉鬼敢死队2,奇幻,立体声,1:48:17,1989,美国
993,Pride and Glory,自豪与荣耀,罪案,,2:00:00,2008,美国
994,Freedom Writers,自由作家,罪案,,2:00:00,2007,德国/美国
995,ACROSS THE UNIVERSE,纵横宇宙,歌舞,立体声,2:11:47,2007,美国
996,OUT OF AFRICA,走出非洲,剧情,立体声,2:33:55,1985,美国
997,KICKING & SCREAMING,足球老爹,喜剧,环绕声，多声道,1:30:27,2005,美国
998,The Last Song,最后一支歌,爱情,,2:00:00,2010,美国
999,"LONGEST YARD, THE (2005)",最长的一码,运动,立体声,1:43:26,2005,美国
1000,FINAL FANTASY: THE SPIRITS WITHIN,最终幻想,动画,立体声,1:45:59,2001,美国
1001,FINAL FANTASY VII: ADVENT CHILDREN,最终幻想：降临之子,动画,立体声,1:40:58,2006,美国
1002,THE DEBT,罪孽,惊悚,环绕声，多声道,1:48:16,2010,美国
1003,"LEGEND OF ZORRO, THE (2005)",佐罗传奇,动作,环绕声，多声道,2:05:00,2005,美国
1004,Policeman,警察,剧情,立体声,1:37:57,2011,中东
1005,The Mole,鼹鼠,悬疑,立体声,1:41:24,2011,波兰
1006,Red Heart,红心,爱情,立体声,1:16:36,2011,中东
1007,Firaaq,追寻,悬疑,立体声,1:39:03,2008,印度
1008,Francaise,法兰西,剧情,立体声,1:20:23,2008,法国
1009,Oliver Sherman,殴立魏·赦曼,悬疑,立体声,1:18:09,2010,加拿大
1010,Dresden - The Inferno,轰炸德勒斯登,剧情,立体声,2:22:30,2006,德国
1011,Kokowaah,Kokowaah,喜剧,立体声,2:00:23,2011,德国
1012,Men In the City (II),都市男人心 2,喜剧,立体声,1:45:08,2012,德国
1013,The One I Love,我所爱的人,喜剧,立体声,1:35:40,2009,法国
1014,Make It Look Like An Accident,意外,喜剧,立体声,1:27:00,2008,西班牙
1015,Wrap Up,终结,爱情,立体声,1:25:30,2007,阿根廷
1016,A Ton Of Luck,时来运转,动作,立体声,1:33:01,2006,阿根廷
1017,The Longest Penalty Shot In The World,世界上耗时最长的点球,喜剧,立体声,1:36:06,2005,西班牙
1018,Hidden,隐匿,惊悚,立体声,1:53:46,2004,西班牙
1019,No Return,回头无路,惊悚,立体声,1:38:24,2010,阿根廷
1020,Accused,被控者,剧情,立体声,1:40:07,2005,丹麦
1021,Ceci1ie,异度空间,惊悚,立体声,1:29:48,2006,丹麦
1022,Elina,伊莉娜,剧情,立体声,1:13:53,2002,瑞典
1023,Mystery of the Wolf,亲子心,家庭,立体声,1:30:21,2006,芬兰
1024,Perfect Sense,完美感觉,爱情,立体声,1:21:44,2010,英国
1025,Yellow,舞动生命,惊悚,立体声,1:26:09,2010,西班牙
1026,17 Hours,17小时,惊悚,立体声,1:40:17,2011,西班牙
1027,Bullying,欺凌,悬疑,立体声,1:26:12,2009,西班牙
1028,A View of Love,海景阳台,爱情/悬疑,立体声,1:41:31,2010,法国
1029,Ceasefire,停火,惊悚,立体声,1:37:45,2009,德国
1030,Salvador,萨尔瓦多,剧情,立体声,2:03:51,2006,西班牙
1031,Guts,勇气,动作,立体声,1:24:17,2009,西班牙
1032,Nightrunner,夜奔,惊悚,立体声,1:32:20,2009,阿根廷
1033,Casual day,便服日,喜剧,立体声,1:32:21,2008,西班牙
1034,The Good Life,和谐生活,剧情,立体声,1:32:50,2008,智利/西班牙
1035,Anja & Viktor,安雅和维克多,爱情,立体声,1:23:46,2001,丹麦
1036,Anja After Viktor,维克多后的安雅,爱情,立体声,1:20:33,2003,丹麦
1037,Those Who Kill,杀人犯,惊悚,立体声,1:26:54,2010,丹麦
1038,Those Who Kill: Utopia,杀人犯 - 理想国,惊悚,立体声,1:22:13,2010,丹麦
1039,Those Who Kill: Bad Blood,杀人犯 - 恶血,惊悚,立体声,1:24:08,2010,丹麦
1040,The Girl With the Dragon Tattoo,龙纹身的女孩2010,惊悚,立体声,2:28:31,2010,瑞典
1041,The Girl Who Kicked the Hornet's,捅马蜂窝的女孩,惊悚,立体声,2:26:24,2010,瑞典
1042,The Girl Who Played with Fire,玩火的女孩,惊悚,立体声,1:59:49,2010,瑞典
1043,Dancer and the Thief,舞者与小偷,惊悚,立体声,2:00:05,2009,西班牙
1044,The Narrows,纽约湾海峡,惊悚,立体声,1:37:22,2008,美国
1045,Blackthorn,黑荆棘,动作,立体声,1:37:22,2011,美国/西班牙
1046,Mabul,天降洪水,剧情,立体声,1:40:32,2010,以色列
1047,Mourning,无声的旅行,剧情,立体声,1:21:00,2011,伊朗
1048,Landscape No. 2,第2号风景,惊悚,立体声,1:15:11,2009,斯洛文尼亚/塞尔维
1049,Last Days in Jerusalem,在耶路撒冷的最后一天,剧情,立体声,1:06:51,2011,法国/巴勒斯坦
1050,November Child,十一月的孩子,剧情,立体声,1:34:10,2008,德国
1051,A Quiet Life,宁静的人生,惊悚,立体声,1:37:37,2010,德国
1052,Different From Whom,我与谁不同,喜剧,立体声,1:37:29,2010,意大利
1053,Barakat!,够了！,剧情,立体声,1:31:56,2006,阿尔及利亚/法国
1054,The Big Day,大日子,爱情/喜剧,立体声,1:26:45,2005,丹麦
1055,Aftermath,善后,剧情,立体声,1:36:54,2004,丹麦
1056,Stealing Rembrandt,窃取伦勃朗,剧情,立体声,1:48:43,2003,丹麦
1057,FC Venus,维纳斯足球队,喜剧,立体声,1:45:24,2005,芬兰
1058,Those Who Kill: Deadly Game,杀人者之死亡游戏,惊悚,立体声,1:21:21,2010,丹麦
1059,The Runway,跑道,剧情,立体声,1:28:40,2010,英国
1060,Dark Impulse,伊瓦的最佳点,惊悚,立体声,1:25:05,2012,西班牙
1061,Strangers,陌生人,爱情,立体声,1:18:35,2007,法国/以色列
1062,Bluff,虚张声势,喜剧,立体声,1:37:41,2007,哥伦比亚
1063,9-Feb-00,是命不是運,动作,立体声,1:25:17,2010,土耳其
1064,A Goodman,一个好人,惊悚,立体声,1:34:10,2009,西班牙
1065,14 Kilometres,14公里,爱情,立体声,1:33:50,2007,西班牙
1066,The Sleeping Fortune,沉睡的财富,剧情,立体声,1:42:50,2003,西班牙
1067,Life on the Edge,死亡边缘,剧情,立体声,1:25:04,2006,西班牙
1068,Life Marks,污点的生活,惊悚,立体声,1:41:17,2002,西班牙
1069,Every Song Is About Me,所有的歌曲都关于我,爱情,立体声,1:33:14,2010,西班牙
1070,Lies,不良气味,喜剧,立体声,,2007,西班牙
1071,Who's Next,所有人都被邀请,惊悚,立体声,1:29:15,2008,西班牙
1072,Berlin '36,柏林1936,剧情,立体声,1:36:14,2009,德国
1073,Almanya - Willkomen in Deutshland,阿曼尼亚,喜剧,立体声,1:36:55,2011,德国
1074,Bon Appetit,苏黎世情缘,喜剧,立体声,1:31:04,2010,德国
1075,Maternity Blues,母性忧闷,剧情,立体声,1:33:38,2011,意大利
1076,Rough Hands,粗糙的双手,剧情,立体声,1:34:52,2011,摩洛哥
1077,The Father and the Foreigner,父亲和外国人,剧情,立体声,1:46:02,2010,意大利
1078,Unlikely Revolutionaries,“不可能”的革命者,喜剧,立体声,1:38:53,2010,意大利
1079,Chocolate Kisses,巧克力之吻,爱情,立体声,1:39:08,2011,意大利
1080,The Matchmaker,媒人,剧情,立体声,1:50:10,2010,以色列
1081,Captain Thunder,雷霆队长与圣杯,动作,立体声,1:47:47,2011,西班牙
1082,Cinema Dream,梦徊电影院,喜剧,立体声,1:22:16,2011,伊朗
1083,Loft,阁楼,惊悚,立体声,1:45:05,2010,荷兰
1084,Simon and the Oaks,西蒙和橡树,剧情,立体声,1:54:37,2011,瑞典
1085,The Cliff,悬崖,惊悚,立体声,1:45:40,2010,冰岛
1086,Hidden (Skjult),不可告人,惊悚,立体声,1:31:12,2009,挪威
1087,Horn of Plenty,聚宝盆,剧情,立体声,1:36:19,2008,西班牙
1088,An Invisible Woman,隐形的女人,喜剧,立体声,1:34:21,2006,西班牙
1089,Those Who Kill: An Eye for an Eye,凶杀案之以牙还牙,惊悚,立体声,1:22:00,2010,丹麦
1090,Those Who Kill: Shadow of the Past,杀人者-过去的阴影,惊悚,立体声,1:31:38,2010,丹麦
1091,Beyond,爱，让悲伤跨越,剧情,立体声,1:33:19,2011,瑞典
1092,Brothers - The Return,兄弟—回归,惊悚,立体声,1:30:20,2006,瑞典
1093,Darkwoods,黑暗的森林,惊悚,立体声,1:21:12,2003,挪威
1094,Dear Alice,亲爱的爱丽丝,剧情,立体声,1:32:35,2010,瑞典
1095,Kissed by Winter,冬季的亲吻,剧情,立体声,1:16:12,2005,挪威
1096,The Flyer,飞越之人,剧情,立体声,1:31:43,2005,南非
1097,Your Life in ‘65,你的65秒钟生活,剧情,立体声,1:32:31,2005,西班牙
1098,The Education of a Fairy,仙女的教育,剧情,立体声,1:32:54,2006,西班牙
1099,The Method,职场无间道,惊悚,立体声,1:51:03,2005,西班牙
1100,Only Human,毛脚女婿,喜剧,立体声,1:23:03,2004,西班牙/英国
1101,The Crossing,瓶子里的火车,惊悚,立体声,1:30:43,2004,挪威
1102,At Point Blank,在空白点,惊悚,立体声,1:40:01,2003,瑞典
1103,Beyond The Border,超越边界,动作,立体声,1:56:07,2011,瑞典
1104,Body of Water,水体,惊悚,立体声,1:39:46,2012,芬兰
1105,The Bright Side of the Moon,月亮美好的一面,剧情,立体声,1:53:32,2010,意大利
1106,A Simple Love Story,一个简单的爱情故事,爱情,立体声,1:40:12,2012,伊朗
1107,Swindlers,骗子,惊悚,立体声,1:47:33,2004,西班牙
1108,I Know Who You Are,我知道你是谁,惊悚,立体声,1:42:30,2001,西班牙/阿根廷
1109,Cleopatra,克莉奥帕特拉,爱情,立体声,1:39:20,2003,西班牙
1110,Your Next Life,你的来生,惊悚,立体声,1:42:51,2004,西班牙
1111,Fear Me Not,别害怕我,惊悚,立体声,1:30:27,2008,丹麦
1112,Little Big Girl,小大女孩,家庭,立体声,1:37:20,2002,丹麦
1113,We Are the Champions,我们是冠军,惊悚,立体声,1:19:24,2004,丹麦
1114,Serial Dreams,连续梦境,惊悚,立体声,1:37:20,2010,伊朗
1115,"Behrouz Hit Me, Mom!",贝鲁兹打我，妈妈,家庭,立体声,1:21:18,2010,伊朗
1116,Queen,皇后,惊悚,立体声,2:00:49,2012,伊朗
1117,Jackpot,聚宝游戏,喜剧,立体声,1:11:50,2011,挪威
1118,Daisy Diamond,黛西之钻,剧情,立体声,1:19:03,2006,丹麦
1119,Sunstorm,太阳风暴,惊悚,立体声,1:39:18,2007,瑞典
1120,Silent City,无声之城,剧情,立体声,1:25:54,2012,荷兰
1121,Love at Forty,四十之爱,爱情,立体声,1:25:08,2011,伊朗
1122,A True Report,真实报告,剧情,立体声,1:27:14,2010,伊朗
1123,Sweet Sixteen,甜蜜十六岁,剧情,立体声,1:41:41,2002,英国
1124,Boogie Woogie,摇摆名画,喜剧,立体声,1:24:07,2009,英国
1125,The Best Man,绝世好男,爱情,立体声,1:31:37,2005,美国
1126,The Alzemier Case,杀手的记忆,惊悚,立体声,1:56:16,2004,比利时
1127,Immediate Boarding,如似姐妹,家庭,立体声,1:24:53,2003,瑞典
1128,ID: A,身份A,动作,立体声,1:40:08,2010,丹麦
1129,Summer Window,夏之窗,剧情,立体声,1:32:41,2011,德国
1130,3rd Floor,绝命三楼,惊悚,立体声,1:22:08,2010,伊朗
1131,The Fateful Night,命运之夜,剧情,立体声,1:29:40,2010,伊朗
1132,"Iraq, Evening of the 10th Day",伊拉克，第十天夜晚,剧情,立体声,1:43:13,2010,伊朗
1133,The Market,黑心交易市场,剧情,立体声,1:28:59,2008,土耳其
1134,No Man's Land,三不管地帯,剧情,立体声,1:33:04,2001,波斯尼亚
1135,The Mighty Celt,赛犬真情,剧情,立体声,1:18:21,2005,冰岛
1136,Rough Winds,困境,剧情,立体声,1:45:17,2006,西班牙
1137,Beck: Buried Alive,神探贝克-活埋,惊悚,立体声,1:26:13,2009,瑞典
1138,Catch That Girl,小小飞贼,冒险,立体声,1:23:02,2001,丹麦
1139,Finding Friends,找朋友,冒险,立体声,1:25:34,2004,挪威
1140,Beyond (Dykkerne),深海零界点,惊悚,立体声,1:28:43,2000,丹麦
1141,King's Game,政治游戏,惊悚,立体声,1:42:33,2004,丹麦
1142,One Step Behind,迟来一步,惊悚,立体声,1:37:25,2005,瑞典
1143,Maria Wern - Fatal Contamination,马利亚韦恩,惊悚,立体声,2:44:51,2008,瑞典
1144,Just a Father,父亲学习手册,剧情,立体声,1:29:48,2009,意大利
1145,At A Glance,爱情离间计,惊悚,立体声,1:52:57,2008,意大利
1146,In This World,美丽新世界,剧情,立体声,1:26:06,2002,英国
1147,Dossier K,K档案,惊悚,立体声,1:56:30,2009,比利时
1148,French Film,法式爱情电影,爱情,立体声,1:24:08,2008,英国
1149,My Year Without Sex,今年不做爱,剧情,立体声,1:32:18,2009,澳大利亚
1150,Drowning Ghost,溺死鬼,惊悚,立体声,1:39:19,2004,瑞典
1151,United,爱上足球的我们,喜剧,立体声,1:21:45,2003,挪威
1152,This is England,这就是英国,剧情,立体声,1:37:24,2006,英国
1153,A Boy Called Dad,被叫做爸爸的男孩,剧情,立体声,1:15:27,2009,英国
1154,Wah Wah,华华岁月,剧情,立体声,1:35:08,2005,英国
1155,Beautiful Kate,美丽的凯特,剧情,立体声,1:25:52,2009,澳大利亚
1156,BabyCall,阴孩来电,惊悚,立体声,1:32:12,2011,挪威
1157,Murder Farm,谋杀农场,惊悚,立体声,1:32:53,2009,德国
1158,Whisky With Vodka,威士忌与伏特加,剧情,立体声,1:39:32,2009,德国
1159,Bad 家庭,不良家庭,剧情,立体声,1:29:49,2010,芬兰
1160,Lessons In Chocolate,浪漫巧克力课程,爱情,立体声,1:34:57,2007,意大利
1161,Seven Acts of Mercy,相伴的距离,剧情,立体声,1:38:50,2011,意大利
1162,Priest of Evil,邪恶祭司,惊悚,立体声,1:40:06,2010,芬兰
1163,Murk,黑暗线索,惊悚,立体声,1:59:00,2005,丹麦
1164,Oldboys,青春老男孩,剧情,立体声,1:34:52,2009,丹麦
1165,Files on the Wall,针孔正义,惊悚,立体声,1:31:56,2005,丹麦
1166,Reclaim Your Brain,占领大脑,喜剧,立体声,1:57:43,2007,德国
1167,Nobel's Last Wish,安尼卡 班森 诺贝尔的遗嘱,惊悚,立体声,1:28:54,2012,瑞典
1168,Annika Bengtzon—A Place In the Sun,安尼卡 班森 日光之下,惊悚,立体声,1:28:22,2012,瑞典
1169,Annika Bengtzon-Lifetime,安尼卡 班森 生存战,惊悚,立体声,1:28:30,2012,瑞典
1170,Annika Bengtzon-Studio Sex,安尼卡 班森 69工作室,惊悚,立体声,1:29:01,2012,瑞典
1171,Annika Bengtzon-Prime Time,安尼卡 班森 黄金时段,惊悚,立体声,1:29:24,2012,瑞典
1172,El Dedo,手指,喜剧,立体声,1:33:27,2011,阿根廷
1173,Viva Belarus,万岁！白俄罗斯！,剧情,立体声,1:40:03,2012,波兰
1174,Gucha,爱情喇叭手,冒险,立体声,1:27:41,2006,塞尔维亚
1175,Chinese Takeaway,一丝偶然,喜剧,立体声,1:26:29,2011,阿根廷
1176,Red Lips,红唇,冒险,立体声,1:34:02,2011,墨西哥
1177,Year of Grace,忘年契约,剧情,立体声,1:25:07,2011,西班牙
1178,Easy Money II,不义之财 2,动作,立体声,1:35:46,2012,瑞典
1179,Bad Faith,恶意,惊悚,立体声,1:39:50,2010,瑞典
1180,"Above the Street, Below the Water",爱似流水,剧情,立体声,1:24:43,2010,丹麦
1181,4 Days In May,五月的四天,剧情,立体声,1:33:28,2011,德国
1182,Bunshinsaba,笔仙,恐怖,立体声,1:33:13,2012,中国大陆
1183,,疯狂漂移假爸爸,喜剧,立体声,1:32:05,2012,中国大陆
1184,,红鹰侠,动作,立体声,1:49:37,2010,泰国
1185,The Flying Machine,梦幻飞琴,冒险,立体声,1:17:38,2013,中国大陆
1186,Punished,迷途追凶,罪案,立体声,1:27:01,2011,中国香港
1187,Legend of The Moles-Treasure of Scylla,摩尔庄园2海妖宝藏,动画,立体声,1:35:11,2012,中国大陆
1188,The Story of A Piano,琴动我心,剧情,立体声,1:28:18,2011,中国大陆
1189,Nightmare,青魇,恐怖片,立体声,1:25:29,2012,中国大陆
1190,The Three Musketeers,三个火枪手,动作,立体声,1:50:30,2011,美国
1191,The Man Behind the Courtyard House,守望者 罪恶迷途,罪案,立体声,1:48:32,2011,中国大陆
1192,A Simple Life,桃姐,剧情,立体声,1:58:13,2011,中国香港
1193,,武侠,动作,立体声,1:54:30,2011,中国大陆
1194,I Love Hong Kong 2,喜上加喜2012,喜剧,立体声,1:35:35,2012,中国香港
1195,A Separation,分居风暴,剧情,立体声,2:02:08,2012,伊朗
1196,L'appat,诱饵,动作,立体声,1:24:03,2010,加拿大
1197,Love For Life,最爱,爱情,立体声,1:41:30,2011,中国大陆
1198,,1942,剧情,立体声,2:26:05,2012,中国大陆
1199,Very Kidnappers,非常绑匪,喜剧,立体声,1:27:54,2012,中国大陆
1200,Beyond a Reasonable Doubt,高度怀疑,悬疑,立体声,1:45:11,2009,美国
1201,West Groovy,哥的传说,喜剧,立体声,1:41:33,2010,中国大陆
1202,,古宝奇缘,喜剧,立体声,1:39:14,2011,中国大陆
1203,Happily Ever After,很想和你在一起,爱情,立体声,1:39:14,2009,中国香港
1204,Nutcracker,胡桃夹子 魔镜冒险,奇幻,立体声,1:48:02,2010,英国
1205,Painted Skin： The Resurrection,画皮2,奇幻,立体声,2:11:36,2012,中国大陆
1206,Faces in the Crowd,幻影追凶,罪案,立体声,1:42:23,2012,美国
1207,,荒岛情未了,惊悚,立体声,1:38:24,2012,中国大陆
1208,Wan bok lut chaai,魂魄唔齐,奇幻,立体声,1:51:05,2002,中国香港
1209,,极峰迷情,爱情,立体声,1:33:42,2011,中国大陆
1210,,今年一定要嫁出去,剧情,立体声,1:34:59,2011,中国大陆
1211,Harpoon,惊魂游戏,惊悚,立体声,1:40:08,2012,中国大陆
1212,The Wages of Sin,水落石出,惊悚,立体声,1:28:52,2011,中国大陆
1213,The Last Headwoman,末代女土司,剧情,立体声,1:32:43,2011,中国大陆
1214,Happy Adventure,开心大冒险,喜剧,立体声,1:22:21,2012,中国大陆
1215,Magic To Win,开心魔法,喜剧,立体声,1:40:49,2011,中国香港
1216,Lee's Adventures,李献计历险记,动画,立体声,1:30:40,2011,中国大陆
1217,The Hunt,猎物,动作,立体声,1:44:41,2012,法国
1218,Ghost Rider: Spirit of Vengeance,灵魂战车2,动作,立体声,1:35:24,2012,美国
1219,Flying Swords of Dragon Gate,龙门飞甲,动作,立体声,2:02:22,2011,中国香港
1220,,麦积山的呼唤,剧情,立体声,1:29:37,2011,中国大陆
1221,Sleepwalker,梦游,惊悚,立体声,1:44:05,2011,中国香港
1222,Case Sensitive,敏感事件,惊悚,立体声,1:32:16,2011,中国大陆
1223,Be A Mother,母语,剧情,立体声,1:32:20,2012,中国大陆
1224,The Viral Factor,逆战,动作,立体声,2:03:04,2012,中国香港
1225,New York Assassination,纽约行动,动作,立体声,1:25:43,2012,美国
1226,Overheard 2,窃听风云2,动作,立体声,1:54:40,2011,中国香港
1227,The Allure Of Tears,倾城之泪,爱情,立体声,1:50:58,2011,中国大陆
1228,Warriors of the Rainbow,赛德克巴莱,剧情,立体声,2:33:09,2011,中国台湾
1229,Design Of Death,杀生,惊悚,立体声,1:48:08,2012,中国大陆
1230,,山鼓声声,剧情,立体声,1:31:43,2011,中国大陆
1231,Sad Fairy Tale,伤心童话,剧情,立体声,1:31:27,2012,中国大陆
1232,Sector,深海之战,惊悚,立体声,1:35:09,2011,韩国
1233,Cop Unbowed,誓不低头,剧情,立体声,1:25:14,2004,中国香港
1234,Nun Chucks,双截棍,动作,立体声,1:26:52,2012,中国大陆
1235,Taichi II,太极2,动作,立体声,1:42:32,2012,中国大陆
1236,Lost In Thailand,人在囧途之泰囧,喜剧,立体声,1:44:56,2012,中国大陆
1237,Skyline,天际浩劫,科幻,立体声,1:32:35,2011,美国
1238,The Assassins,铜雀台,动作,立体声,1:47:21,2012,中国大陆
1239,Yellow Rose,完美的爱,剧情,立体声,1:31:10,2011,中国大陆
1240,Blitz,玩命追踪,动作,立体声,1:36:41,2012,英国
1241,,万年飘香,剧情,立体声,1:27:31,2011,中国大陆
1242,Conan the Barbarian,王者之剑,奇幻,立体声,1:48:06,2012,美国
1243,The Sword Identity,倭寇的踪迹,古装,立体声,1:50:20,2012,中国大陆
1244,11 flowers,我11,剧情,立体声,1:50:29,2012,中国/法国
1245,Midnight Beating,午夜心跳,惊悚,立体声,1:29:05,2010,中国大陆
1246,Night Mare,午夜凶梦,惊悚,立体声,1:30:06,2011,中国大陆
1247,Love You You,夏日乐悠悠,爱情,立体声,1:31:09,2011,中国大陆
1248,A Disappearing Village,消失的村庄,剧情,立体声,1:25:12,2011,中国大陆
1249,,爱来不来,爱情,立体声,1:28:34,2009,中国大陆
1250,Shotgun Love,爱情真可怕,爱情,立体声,1:47:24,2011,韩国
1251,Whoever,爱谁谁,爱情,立体声,1:32:19,2012,中国大陆
1252,,爱在回响,剧情,立体声,1:30:36,2012,中国大陆
1253,Mirror Mirror,白雪公主之魔镜魔镜,奇幻,立体声,1:46:02,2012,美国
1254,,大耳窿,罪案,立体声,1:38:00,2010,中国香港
1255,Enter the Phoenix,大佬爱美丽,喜剧,立体声,1:44:38,2004,中国香港
1256,,大无谓,动作,立体声,1:29:39,2004,中国香港
1257,The Door With Dad's Love,当爸爸来敲门,剧情,立体声,1:34:54,2011,中国大陆
1258,Life Without Principle,夺命金,罪案,立体声,1:45:40,2011,中国香港
1259,The Devil Inside Me,夺命心跳,惊悚,立体声,1:34:56,2011,中国大陆
1260,"Yes, I can see dead people",恶男事件,恐怖,立体声,1:31:29,2008,中国香港
1261,,夜店诡谈,惊悚,立体声,1:30:26,2012,中国大陆
1262,Love Actually,真爱至上,爱情,立体声,1:27:31,2011,中国大陆
1263,Cool Young,正青春,爱情,立体声,1:33:14,2011,中国大陆
1264,Fatal Invitation,致命请柬,惊悚,立体声,1:29:34,2011,中国大陆
1265,One Mile Above,转山,剧情,立体声,1:29:36,2011,中国台湾
1266,,爱love,爱情,立体声,2:00:52,2012,中国大陆
1267,SONOFONOONE,无人之子,罪案,环绕声，多声道,1:33:45,2011,美国
1268,STONEHENGE APOCALYPS,巨石阵灾劫,科幻,环绕声，多声道,1:30:48,2010,美国
1269,THE WARD,病院惊魂,惊悚,环绕声，多声道,1:28:55,2010,美国
1270,The Hunger Games,饥饿游戏,动作,立体声,2:16:45,2012,美国
1271,Rise,龙之猎手,奇幻,环绕声，多声道,1:34:12,2008,美国
1272,Season of the Witch,女巫季节,奇幻,立体声,1:33:40,2011,美国
1273,Jump! Ashin,翻滚吧阿信,喜剧,立体声,2:02:38,2011,中国台湾
1274,China 1911,辛亥革命,剧情,立体声,2:00:38,2011,中国香港
1275,Inseparable,形影不离,喜剧,立体声,1:37:02,2012,中国大陆
1276,Love on Credit,幸福额度,剧情,立体声,1:33:46,2011,中国大陆
1277,Dream Girl,炫舞天鹅,家庭,立体声,1:33:27,2011,中国大陆
1278,Be Scared On The Way,一路惊心,喜剧,立体声,1:30:32,2011,中国大陆
1279,Joyful Reunion,饮食男女2,爱情,立体声,1:46:44,2012,中国台湾
1280,Little Man,美男计,爱情,立体声,1:37:33,2012,中国大陆
1281,Cha cha for Twins,宝米恰恰,喜剧,立体声,1:49:44,2013,中国台湾
1282,The Soul of Bread,爱的面包魂,喜剧,立体声,,2012,中国台湾
1283,AN INVISIBLE SIGN,我的神奇符号,剧情,环绕声，多声道,1:35:18,2011,美国
1284,CEREMONY,劫婚典礼,喜剧,环绕声，多声道,1:29:44,2010,美国
1285,ELEPHANT WHITE,白象,动作,环绕声，多声道,1:31:02,2011,美国
1286,EverymansWar,普人之战,战争,环绕声，多声道,1:44:47,2009,美国
1287,ICARUS(THE KILLING MACHINE),轰天谋战,动作,环绕声，多声道,1:26:50,2010,美国
1288,IRONCLAD,铁甲战士,战争,环绕声，多声道,2:01:02,2009,美国
1289,ONLY_THE_BRAVE,光荣战役,历史,环绕声，多声道,1:40:08,1989,美国
1290,Saints_and_Soldiers,马尔梅第战役,动作,环绕声，多声道,1:30:00,2006,美国
1291,SOLITARY MAN,孤独的人,剧情,环绕声，多声道,1:30:01,2009,美国
1292,THE MALAY CHRONICLES,血战王朝,动作,环绕声，多声道,1:48:01,2011,马来西亚
1293,THE VALDEMAP LEGACY,幽宅1,剧情,环绕声，多声道,1:44:05,1995,西班牙
1294,TRUST,猎狼联线,剧情,环绕声，多声道,1:45:27,2011,美国
1295,A Beautiful Life,不再让你孤单,爱情,立体声,2:01:53,2011,中国大陆
1296,Ice Kacang Puppy Love,初恋红豆冰,爱情,环绕声，多声道,1:43:51,2010,马来西亚
1297,,传奇之门,爱情,立体声,1:34:23,2010,中国大陆
1298,"Tad, the Lost Explorer",秘鲁大冒险,动画,立体声,1:31:54,2012,西班牙
1299,The Cove,海豚湾,纪录,立体声,1:36:25,2009,美国
1300,,苏乞儿,剧情,环绕声，多声道,1:52:47,2010,中国大陆
1301,Jack Of All Traces,神通乡巴佬,剧情,环绕声，多声道,1:24:32,2012,中国大陆
1302,Eternal Moment,将爱情进行到底,爱情,环绕声，多声道,1:42:33,2011,中国大陆
1303,Mr. Zhai,宅男总动员.女神归来,爱情,环绕声，多声道,1:29:33,2011,中国大陆
1304,House Mania,房不剩房,爱情,环绕声，多声道,1:30:35,2011,中国大陆
1305,Buddha Mountain,观音山,爱情,立体声,1:41:09,2011,中国大陆
1306,The Purple House,紫宅,悬疑,立体声,1:33:35,2011,中国大陆
1307,,像小强一样活着,喜剧,环绕声，多声道,2:34:42,2011,中国大陆
1308,Legend of A Rabbit,兔侠传奇,动画,环绕声，多声道,1:28:41,2011,中国大陆
1309,,欠我十万零五千,剧情,立体声,1:32:05,2009,中国大陆
1310,Rest On Your Shoulder,肩上蝶,剧情,环绕声，多声道,2:00:54,2011,中国大陆
1311,Deadly Will,囧探佳人,喜剧,环绕声，多声道,1:35:30,2011,中国大陆
1312,Mr. & Mrs. Single,隐婚男女,剧情,环绕声，多声道,1:41:09,2011,中国大陆
1313,Speed Angels,极速天使,剧情,环绕声，多声道,1:51:59,2011,中国大陆
1314,STONE,危狱惊情,剧情,环绕声，多声道,1:43:10,2010,美国
1315,THE FORBIDDEN SHAD0W2,幽宅2,悬疑,环绕声，多声道,1:34:12,2010,西班牙
1316,No Limit,无极限之危情速递,喜剧,立体声,1:31:23,2011,中国大陆
1317,A Big Deal,巨额交易,剧情,立体声,1:27:55,2011,中国大陆
1318,Lost In Panic Cruise,密室之不可靠岸,剧情,立体声,1:39:03,2011,中国大陆
1319,Cold Steel,遍地狼烟,动作,环绕声，多声道,1:41:34,2011,中国大陆
1320,The Love Winner,恋爱大赢家,剧情,立体声,1:32:27,2004,中国大陆
1321,The love Clinic,爱情维修站,剧情,立体声,1:40:34,2010,中国大陆
1322,Crime and Punishment,罪与罚,纪录,立体声,1:30:11,2007,中国大陆
1323,A Marvellous Detective,妙探神威,剧情,立体声,1:25:45,2004,中国大陆
1324,,新婚告急,动作,立体声,1:28:59,2004,中国大陆
1325,Welcome To Sha-ma Town,决战刹马镇,西部,环绕声，多声道,1:44:01,2010,中国大陆
1326,Midnight Taxi,午夜出租车,惊悚,立体声,1:32:37,2009,中国大陆
1327,Panda Express,熊猫大侠,喜剧,环绕声，多声道,1:33:08,2009,中国大陆
1328,Legend of the Fist: The Return of Chen,精武风云,动作,立体声,1:45:19,2010,中国大陆
1329,,追梦,爱情,立体声,1:35:03,2011,中国台湾
1330,The Locked Door,女人如花,历史,环绕声，多声道,1:21:54,2011,中国大陆
1331,The Road Less Traveled,一路有你,都市,立体声,1:48:06,2009,中国大陆
1332,Truth or Dare,真心话大冒险,情感,立体声,1:39:28,2012,中国大陆
1333,Love Lifting,高举爱,剧情,环绕声，多声道,1:30:55,2012,中国香港
1334,The Warrior And The Wolf,狼灾记,情感,立体声,1:36:18,2009,中国大陆
1335,Dream House,梦宅诡影,惊悚,立体声,1:31:24,2011,美国
1336,A Simple Noodle Story,三枪拍案惊奇,喜剧,立体声,1:34:12,2009,中国大陆
1337,Its Love,白蛇传说,神话,立体声,1:42:21,2011,中国大陆
1338,Perfect Two,天生一对,喜剧,立体声,1:37:14,2012,中国台湾
1339,Dear Enemy,亲密敌人,喜剧,立体声,1:46:43,2011,中国大陆
1340,The Four Cupids,四个丘比特,情感,立体声,1:41:12,2009,中国大陆
1341,Curse of the Deserted,荒村公寓,都市,立体声,1:35:26,2009,中国大陆
1342,Yu Da Ba Jiao,古镇情缘,剧情,环绕声，多声道,1:30:04,2010,中国大陆
1343,Limitless,永无止境,惊悚,环绕声，多声道,1:44:49,2011,美国
1344,Million Dollar Crocodiler,百万巨鳄,剧情,环绕声，多声道,1:29:44,2012,中国大陆
1345,Haeundae,海云台,情感,立体声,1:36:18,2009,韩国
1346,Last Night,一夜迷情,剧情,立体声,1:32:03,2011,美国
1347,Immortals,惊天战神,动作,立体声,1:48:48,2011,美国
1348,,S大学事件,剧情,立体声,1:03:00,,韩国
1349,,爱的记忆,剧情,立体声,1:02:15,,韩国
1350,,爱上花花公子,剧情,立体声,1:05:12,,韩国
1351,,爱胜过分手,剧情,立体声,0:59:13,,韩国
1352,,奔跑的她,剧情,立体声,1:01:52,,韩国
1353,,篦子,剧情,立体声,1:03:04,,韩国
1354,,不良小说,剧情,立体声,1:44:25,,韩国
1355,,不再跳舞,剧情,立体声,1:02:50,,韩国
1356,,春英,剧情,立体声,1:00:31,,韩国
1357,,村庄轶事,剧情,立体声,1:05:18,,韩国
1358,,大家一起恰恰恰,剧情,立体声,1:07:49,,韩国
1359,,等待早班车,剧情,立体声,1:05:00,,韩国
1360,,第一次爱,剧情,立体声,1:03:28,,韩国
1361,,都市怪谈,剧情,立体声,1:06:46,,韩国
1362,,飞鸟,剧情,立体声,1:36:25,,韩国
1363,,疯子姜成晚,剧情,立体声,1:02:40,,韩国
1364,,光脚的狗蟹,剧情,立体声,1:02:43,,韩国
1365,,归途,剧情,立体声,1:10:03,,韩国
1366,,好运长存,剧情,立体声,1:07:25,,韩国
1367,,后备箱,剧情,立体声,1:04:06,,韩国
1368,,花妮,剧情,立体声,1:02:24,,韩国
1369,,花妞来了,剧情,立体声,1:01:31,,韩国
1370,,鸡龙山傅容儿,剧情,立体声,1:08:32,,韩国
1371,,记忆消逝之时,剧情,立体声,1:04:51,,韩国
1372,,济州岛蓝色的夜晚,剧情,立体声,1:02:05,,韩国
1373,,她很坚强,剧情,立体声,1:07:15,,韩国
1374,,她在笑,剧情,立体声,1:03:04,,韩国
1375,,金曲宝贝,剧情,立体声,1:01:05,,韩国
1376,,苦涩的爱,剧情,立体声,1:01:50,,韩国
1377,,浪花婚姻,剧情,立体声,1:03:41,,韩国
1378,,恋爱,剧情,立体声,1:11:40,,韩国
1379,,另类四人组,剧情,立体声,1:06:07,,韩国
1380,,六年后,剧情,立体声,0:58:10,,韩国
1381,,美好的一天,剧情,立体声,1:06:50,,韩国
1382,,迷雾能见度,剧情,立体声,1:04:45,,韩国
1383,,明日复明日,剧情,立体声,1:05:28,,韩国
1384,,木马之爱,剧情,立体声,1:00:04,,韩国
1385,,你的魔女,剧情,立体声,1:02:29,,韩国
1386,,旗帜,剧情,立体声,1:34:02,,韩国
1387,,三的传说,剧情,立体声,0:57:15,,韩国
1388,,三号搓澡工,剧情,立体声,1:04:10,,韩国
1389,,闪亮的星星,剧情,立体声,1:07:11,,韩国
1390,,闪闪发光,剧情,立体声,1:02:44,,韩国
1391,,善良的她,剧情,立体声,1:04:46,,韩国
1392,,神秘,剧情,立体声,1:06:45,,韩国
1393,,石头的二元方程,剧情,立体声,1:06:13,,韩国
1394,,石头奇遇记,剧情,立体声,1:04:54,,韩国
1395,,手机关机,剧情,立体声,1:02:03,,韩国
1396,,受欢迎的杀人者,剧情,立体声,1:02:36,,韩国
1397,,谁杀了科特柯本,剧情,立体声,1:36:27,,韩国
1398,,谁曾爱过,剧情,立体声,1:02:15,,韩国
1399,,他们的真实,剧情,立体声,1:00:14,,韩国
1400,,完美夫妻,剧情,立体声,1:05:31,,韩国
1401,,微不足道的十分钟,剧情,立体声,1:04:55,,韩国
1402,,为什么一定要这样,剧情,立体声,1:01:43,,韩国
1403,,我的好朋友,剧情,立体声,1:02:20,,韩国
1404,,我的快乐时光,剧情,立体声,1:02:38,,韩国
1405,,希恩和修荷,剧情,立体声,1:05:36,,韩国
1406,,相遇悲伤,剧情,立体声,1:00:14,,韩国
1407,,寻找妈妈,剧情,立体声,1:04:57,,韩国
1408,,一脱而现,剧情,立体声,1:02:26,,韩国
1409,,一周之间,剧情,立体声,1:02:38,,韩国
1410,,再爱一次,剧情,立体声,1:03:45,,韩国
1411,,怎么遗忘,剧情,立体声,1:34:40,,韩国
1412,,曾经的家,剧情,立体声,1:28:05,,韩国
1413,,蝴蛛女之爱,剧情,立体声,1:05:52,,韩国
1414,,骤雨,剧情,立体声,1:25:56,,韩国
1415,,坠入爱河的大象,剧情,立体声,1:01:23,,韩国
1416,,最后的歌曲,剧情,立体声,1:38:17,,韩国
1417,,"作家1110,演员310",剧情,立体声,1:07:02,,韩国
